# CANDIDATE: proposed by the AI workflow; not reviewed; nothing accepted
﻿Requirement ID,Candidate status (this AI workflow run: proposed / unresolved / decided),Clause group,Scope tags,Requirement (summary),Text as issued (original document; never assembled),Effective text at the validated state (ASSEMBLED by applying the addenda; not a printed text),Quoted words relied on,Latest reference for the quoted words (document clause page; amending provision),Every unit the row cites (reference at the validated state; amending ops),Pass/fail or scored,Discipline,Owner (role),Evidence needed,Status after BASE,Status after ADD-01,Status after ADD-02,"Status after ADD-03 (WORKING, not validated)",Source after BASE (latest reference for the quoted words),Source after ADD-01 (latest reference for the quoted words),Source after ADD-02 (latest reference for the quoted words),Source after ADD-03 (latest reference for the quoted words),Stated consequence (quoted),Consequence source,Dates (planning reading; all readings in Dates sheet),Confidence,Image reading status,Interpretation review,Amendment ops review,Evidence chain (original -> ops),Issues,"Relationships (curated links, their status; reached at the validated stage; documents not supplied)"
VOL-I-6.1-01,proposed (existing row; not changed by this run; not reviewed),VOL-I:6.1,bid_submission; deadline,"Deliver the Proposal to the Authority by the Proposal Due Date and time, at the Appendix 3 address",Proposals shall be received by the Authority not later than 14:00 hours Riyadh time on Thursday 12 November 2026 at the address given in Appendix 3.,Proposals shall be received by the Authority not later than 14:00 hours Riyadh time on Thursday 26 November 2026 at the address given in Appendix 3.,not later than 14:00 hours Riyadh time on Thursday 26 November 2026,VOL-I 6.1 p3 as amended by ADD-01 2.1 p1,VOL-I 6.1 p3 <- ADD-01/2.1,pass_fail,Bid management,Bid manager,EV-DELIVERY,ACTIVE,AMENDED (ADD-01/2.1),ACTIVE (as amended by ADD-01/2.1),ACTIVE (as amended by ADD-01/2.1),VOL-I 6.1 p3,VOL-I 6.1 p3 as amended by ADD-01 2.1 p1,VOL-I 6.1 p3 as amended by ADD-01 2.1 p1,VOL-I 6.1 p3 as amended by ADD-01 2.1 p1,"rejection: ""will be rejected unopened and returned to the Bidder""",VOL-I 6.6 p3,PDD: 2026-11-26 (as_stated),high: verbatim text-layer clause; the consequence is stated in VOL-I 6.6,n/a (text layer),proposed (not reviewed),ADD-01/2.1: proposed,VOL-I:6.1 (VOL-I p3; text layer); ADD-01/2.1 [ADD-01; proposed] <- ADD-01:2.1 (ADD-01 p1),,
VOL-I-5.2-01,proposed (existing row; not changed by this run; not reviewed),VOL-I:5.2,clarification; deadline,Submit any clarification requests no later than ten Working Days before the Proposal Due Date,Requests for clarification shall be submitted no later than ten (10) Working Days before the Proposal Due Date. Requests received after that time will not be answered.,Requests for clarification shall be submitted no later than ten (10) Working Days before the Proposal Due Date. Requests received after that time will not be answered.,no later than ten (10) Working Days before the Proposal Due Date,VOL-I 5.2 p3,VOL-I 5.2 p3,procedural,Bid management,Bid manager,EV-CLARIFICATIONS,ACTIVE,ACTIVE,ACTIVE,ACTIVE,VOL-I 5.2 p3,VOL-I 5.2 p3,VOL-I 5.2 p3,VOL-I 5.2 p3,"lesser consequence: ""Requests received after that time will not be answered.""",VOL-I 5.2 p3,CLARIFICATION-CUTOFF: 2026-11-12 (stated_date_excluded),high: backward Working Day counting is defined in VOL-I 2.4,n/a (text layer),proposed (not reviewed),n/a,VOL-I:5.2 (VOL-I p3; text layer),,
VOL-I-6.3-01,proposed (existing row; not changed by this run; not reviewed),VOL-I:6.3,envelope_A; bid_security; validity,Bid Bond valid for 180 days from the Proposal Due Date (extendable on demand),Envelope A shall be accompanied by a Bid Bond which shall remain valid for one hundred and eighty (180) days from the Proposal Due Date and shall be extended on demand where the Authority extends the period of Proposal validity.,Envelope A shall be accompanied by a Bid Bond which shall remain valid for one hundred and eighty (180) days from the Proposal Due Date and shall be extended on demand where the Authority extends the period of Proposal validity.,valid for one hundred and eighty (180) days from the Proposal Due Date,VOL-I 6.3 p3,VOL-I 6.3 p3,pass_fail,Commercial,Commercial lead,EV-BID-BOND,ACTIVE,ACTIVE,ACTIVE,ACTIVE,VOL-I 6.3 p3,VOL-I 6.3 p3,VOL-I 6.3 p3,VOL-I 6.3 p3,none stated in the documents,,BID-BOND-VALIDITY: 2027-05-25 (day0),medium: no consequence is stated; whether day 0 or day 1 is the PDD is not stated (two readings),n/a (text layer),proposed (not reviewed),n/a,VOL-I:6.3 (VOL-I p3; text layer),I-NO-CONSEQUENCE,
VOL-I-6.4-01,proposed (existing row; not changed by this run; not reviewed),VOL-I:6.4,envelope_A; bid_security,"Bid Bond of SAR 4,500,000, unconditional and payable on first written demand","The Bid Bond shall be in the amount of SAR 4,500,000 (four million five hundred thousand Saudi Riyals), shall be unconditional and payable on first written demand, and shall be issued by a bank licensed to operate in the Kingdom holding a long-term credit rating of not lower than A- from a recognised international rating agency.","The Bid Bond shall be in the amount of SAR 4,500,000 (four million five hundred thousand Saudi Riyals), shall be unconditional and payable on first written demand, and shall be issued by a bank licensed to operate in the Kingdom holding a long-term credit rating of not lower than A- from a recognised international rating agency.","in the amount of SAR 4,500,000",VOL-I 6.4 p3,VOL-I 6.4 p3,pass_fail,Commercial,Commercial lead,EV-BID-BOND,ACTIVE,ACTIVE,ACTIVE,ACTIVE,VOL-I 6.4 p3,VOL-I 6.4 p3,VOL-I 6.4 p3,VOL-I 6.4 p3,none stated in the documents,,,high: verbatim; confirmed by ADD-02 Q8 (no consequence stated),n/a (text layer),proposed (not reviewed),n/a,VOL-I:6.4 (VOL-I p3; text layer),I-NO-CONSEQUENCE,
VOL-I-6.4-02,proposed (existing row; not changed by this run; not reviewed),VOL-I:6.4,envelope_A; bid_security,Bid Bond issued by a bank licensed in the Kingdom with a long-term rating not lower than A-,"The Bid Bond shall be in the amount of SAR 4,500,000 (four million five hundred thousand Saudi Riyals), shall be unconditional and payable on first written demand, and shall be issued by a bank licensed to operate in the Kingdom holding a long-term credit rating of not lower than A- from a recognised international rating agency.","The Bid Bond shall be in the amount of SAR 4,500,000 (four million five hundred thousand Saudi Riyals), shall be unconditional and payable on first written demand, and shall be issued by a bank licensed to operate in the Kingdom holding a long-term credit rating of not lower than A- from a recognised international rating agency.",issued by a bank licensed to operate in the Kingdom holding a long-term credit rating of not lower than A-,VOL-I 6.4 p3,VOL-I 6.4 p3,pass_fail,Commercial,Commercial lead,EV-BID-BOND,ACTIVE,ACTIVE,ACTIVE,ACTIVE,VOL-I 6.4 p3,VOL-I 6.4 p3,VOL-I 6.4 p3,VOL-I 6.4 p3,none stated in the documents,,,high: verbatim; clarified by ADD-01 Q3 (no consequence stated),n/a (text layer),proposed (not reviewed),n/a,VOL-I:6.4 (VOL-I p3; text layer),I-NO-CONSEQUENCE,
VOL-I-7.1-01,proposed (existing row; not changed by this run; not reviewed),VOL-I:7.1,validity,Proposal open for acceptance for 150 days from the Proposal Due Date,Each Proposal shall remain open for acceptance for one hundred and fifty (150) days from the Proposal Due Date.,Each Proposal shall remain open for acceptance for one hundred and fifty (150) days from the Proposal Due Date.,one hundred and fifty (150) days from the Proposal Due Date,VOL-I 7.1 p4,VOL-I 7.1 p4,pass_fail,Commercial,Commercial lead,EV-FORM-4A,ACTIVE,ACTIVE,ACTIVE,ACTIVE,VOL-I 7.1 p4,VOL-I 7.1 p4,VOL-I 7.1 p4,VOL-I 7.1 p4,none stated in the documents,,PROPOSAL-VALIDITY: 2027-04-25 (day0),medium: no consequence stated; day 0 / day 1 not stated,n/a (text layer),proposed (not reviewed),n/a,VOL-I:7.1 (VOL-I p4; text layer),I-NO-CONSEQUENCE,
VOL-I-8.3-01,proposed (existing row; not changed by this run; not reviewed),VOL-I:8.3,qualification; envelope_A,"EPC Contractor ISO 9001:2015 certificate from an accredited certification body, current as at the Proposal Due Date (as amended), copy with Envelope A; checked pass/fail under VOL-I 11.1(i)","The proposed EPC Contractor shall hold a valid ISO 9001:2015 quality management certificate, current as at the Proposal Due Date, issued by an accredited certification body. A copy of the certificate shall be submitted with Envelope A.","The proposed EPC Contractor shall hold a valid ISO 9001:2015 quality management certificate, current as at the Proposal Due Date, issued by an accredited certification body. A copy of the certificate shall be submitted with Envelope A.",current as at the Proposal Due Date,VOL-I 8.3 p4,VOL-I 8.3 p4,pass_fail,Technical,Technical lead,EV-ISO,ACTIVE,ACTIVE,ACTIVE,ACTIVE,VOL-I 8.3 p4,VOL-I 8.3 p4,VOL-I 8.3 p4,VOL-I 8.3 p4,none stated in the documents,,ISO-CURRENT-AT: 2026-11-26 (as_stated),medium: no consequence stated; this period is not named in ADD-01 §2.2 (whose list is non-exhaustive),n/a (text layer),proposed (not reviewed),n/a,VOL-I:8.3 (VOL-I p4; text layer),I-NO-CONSEQUENCE,
VOL-I-8.5-01,proposed (existing row; not changed by this run; not reviewed),VOL-I:8.5,qualification; references,"Evidence two reference sewage treatment plants of at least 80,000 m3/day, each in commercial operation within the ten years before the Proposal Due Date","[VOL-I 8.5#fn12 p4] For the avoidance of doubt, a Bidder that does not evidence at least two (2) reference sewage treatment plants, each of nominal capacity not less than 80,000 m³/day and each having achieved commercial operation within the ten (10) years preceding the Proposal Due Date, shall be rejected without further evaluation.
[VOL-I 8.5 p4] The Bidder shall demonstrate technical capability in the design, construction and operation of wastewater treatment facilities. The Authority will assess technical capability on the basis of the reference projects submitted under Form 4-B.¹²","[VOL-I 8.5#fn12 p4] For the avoidance of doubt, a Bidder that does not evidence at least two (2) reference sewage treatment plants, each of nominal capacity not less than 80,000 m³/day and each having achieved commercial operation within the ten (10) years preceding the Proposal Due Date, shall be rejected without further evaluation.
[VOL-I 8.5 p4] The Bidder shall demonstrate technical capability in the design, construction and operation of wastewater treatment facilities. The Authority will assess technical capability on the basis of the reference projects submitted under Form 4-B.¹²","at least two (2) reference sewage treatment plants, each of nominal capacity not less than 80,000",VOL-I 8.5#fn12 p4,VOL-I 8.5#fn12 p4; VOL-I 8.5 p4,pass_fail,Technical,Technical lead,EV-REFERENCES,ACTIVE,ACTIVE,ACTIVE,ACTIVE,VOL-I 8.5#fn12 p4,VOL-I 8.5#fn12 p4,VOL-I 8.5#fn12 p4,VOL-I 8.5#fn12 p4,"rejection: ""shall be rejected without further evaluation""",VOL-I 8.5#fn12 p4,REFERENCE-LOOKBACK: 2016-11-27 (boundary_exclusive),high: verbatim footnote; boundary of the look-back not stated (two readings),n/a (text layer),proposed (not reviewed),n/a,VOL-I:8.5#fn12 (VOL-I p4; text layer); VOL-I:8.5 (VOL-I p4; text layer),,
VOL-I-8.6-01,proposed (existing row; not changed by this run; not reviewed),VOL-I:8.6,qualification; envelope_A,Local Content Certificate from the competent authority showing the minimum construction-phase local content ratio,"[VOL-I 8.6 p4] The Bidder shall submit a Local Content Certificate issued by the competent authority evidencing a local content ratio of not less than thirty per cent (30%) for the construction phase.
[ADD-01 4.2 p1; issued by ADD-01] (not in the volumes as issued)","[VOL-I 8.6 p4] The Bidder shall submit a Local Content Certificate issued by the competent authority evidencing a local content ratio of not less than thirty-five per cent (35%) for the construction phase. Failure to submit the certificate shall render the Proposal non-responsive.
[ADD-01 4.2 p1] (REVOKED)",not less than thirty-five per cent (35%) for the construction phase,ADD-02 9.1 p3 (reinstating VOL-I 8.6),"VOL-I 8.6 p4 <- ADD-01/4.1, ADD-02/9.1; ADD-01 4.2 p1 <- ADD-02/9.2",pass_fail,Commercial,Commercial lead,EV-LCC,ACTIVE,DELETED (ADD-01/4.1),REINSTATED-AMENDED (ADD-02/9.1),"ACTIVE (as amended by ADD-01/4.1, ADD-02/9.1)",VOL-I 8.6 p4,VOL-I 8.6 p4 as amended by ADD-01 4.1 p1,ADD-02 9.1 p3 (reinstating VOL-I 8.6),ADD-02 9.1 p3 (reinstating VOL-I 8.6),"non-responsive: ""Failure to submit the certificate shall render the Proposal non-responsive.""",ADD-02 9.1 p3 (reinstating VOL-I 8.6),,high: verbatim at every stage; the issuing authority is not named and the lead time is unknown,n/a (text layer),proposed (not reviewed),ADD-01/4.1: proposed; ADD-02/9.1: proposed,VOL-I:8.6 (VOL-I p4; text layer); ADD-01:4.2 (ADD-01 p1; text layer; issued by ADD-01); ADD-01/4.1 [ADD-01; proposed] <- ADD-01:4.1 (ADD-01 p1); ADD-02/9.1 [ADD-02; proposed] <- ADD-02:9.1 (ADD-02 p3); ADD-02/9.2 [ADD-02; proposed] <- ADD-02:9.2 (ADD-02 p3),I-LCC-ISSUER,
VOL-I-5.4-01,proposed (existing row; not changed by this run; not reviewed),VOL-I:5.4,pre_bid; fixed_date,Be represented at the Pre-Bid Conference on 30 September 2026,A Pre-Bid Conference will be held on Wednesday 30 September 2026 at 10:00 Riyadh time at the Authority's offices. Attendance by at least one authorised representative of each Bidder is mandatory. A Bidder that is not represented at the Pre-Bid Conference shall be disqualified.,A Pre-Bid Conference will be held on Wednesday 30 September 2026 at 10:00 Riyadh time at the Authority's offices. Attendance by at least one authorised representative of each Bidder is mandatory. A Bidder that is not represented at the Pre-Bid Conference shall be disqualified.,Attendance by at least one authorised representative of each Bidder is mandatory.,VOL-I 5.4 p3,VOL-I 5.4 p3,pass_fail,Bid management,Bid manager,EV-ATTENDANCE,ACTIVE,ACTIVE,ACTIVE,ACTIVE,VOL-I 5.4 p3,VOL-I 5.4 p3,VOL-I 5.4 p3,VOL-I 5.4 p3,"disqualification: ""A Bidder that is not represented at the Pre-Bid Conference shall be disqualified.""",VOL-I 5.4 p3,PRE-BID: 2026-09-30 (as_stated),high: verbatim; a fixed past date (does not move with the PDD); attendance is a bidder fact,n/a (text layer),proposed (not reviewed),n/a,VOL-I:5.4 (VOL-I p3; text layer),I-BIDDER-FACTS,
ADD-01-3.1-01,proposed (existing row; not changed by this run; not reviewed),ADD-01:3.1,pre_bid; deadline,"If the attendance record is wrong, notify the Authority within five Working Days of Addendum No. 1",The attendance record is held by the Authority. A Bidder that considers its attendance to have been incorrectly recorded shall notify the Authority through the Portal within five (5) Working Days of this Addendum.,The attendance record is held by the Authority. A Bidder that considers its attendance to have been incorrectly recorded shall notify the Authority through the Portal within five (5) Working Days of this Addendum.,shall notify the Authority through the Portal within five (5) Working Days of this Addendum,ADD-01 3.1 p1,ADD-01 3.1 p1,procedural,Bid management,Bid manager,EV-ATTENDANCE,NOT ISSUED,NEW,ACTIVE,ACTIVE,,ADD-01 3.1 p1,ADD-01 3.1 p1,ADD-01 3.1 p1,none stated in the documents,,ATTENDANCE-NOTICE: 2026-10-14 (event_day_counted),medium: forward Working Day counting is not defined (two readings),n/a (text layer),proposed (not reviewed),n/a,ADD-01:3.1 (ADD-01 p1; text layer; issued by ADD-01),,
VOL-I-9.3-01,proposed (existing row; not changed by this run; not reviewed),VOL-I:9.3,envelope_A; forms,Form 4-A (as reissued by ADD-01 App A) signed by a person holding a notarised Power of Attorney from the lead member; an unsigned or improperly executed Form 4-A renders the Proposal non-responsive,Form 4-A shall be signed by a person holding a notarised Power of Attorney from the lead member of the Bidder. An unsigned or improperly executed Form 4-A shall render the Proposal non-responsive.,Form 4-A shall be signed by a person holding a notarised Power of Attorney from the lead member of the Bidder. An unsigned or improperly executed Form 4-A shall render the Proposal non-responsive.,Form 4-A shall be signed by a person holding a notarised Power of Attorney from the lead member of the Bidder.,VOL-I 9.3 p5,VOL-I 9.3 p5,pass_fail,Legal,Legal counsel,EV-FORM-4A; EV-POA,ACTIVE,ACTIVE,ACTIVE,ACTIVE,VOL-I 9.3 p5,VOL-I 9.3 p5,VOL-I 9.3 p5,VOL-I 9.3 p5,"non-responsive: ""An unsigned or improperly executed Form 4-A shall render the Proposal non-responsive.""",VOL-I 9.3 p5,,high: verbatim,n/a (text layer),proposed (not reviewed),n/a,VOL-I:9.3 (VOL-I p5; text layer),I-F4A-FIELDS,
VOL-IV-F4A-01,proposed (existing row; not changed by this run; not reviewed),VOL-IV:F4-A,forms; printed_date,Use the Form 4-A as issued (reissued by ADD-01 App A: 'Bidders shall use this version'); its printed Proposal Due Date,"Proposal Due Date: 12 November 2026, 14:00 Riyadh time","Proposal Due Date: 12 November 2026, 14:00 Riyadh time","Proposal Due Date: 12 November 2026, 14:00 Riyadh time","ADD-01 AppA/proposal-due-date p3 (replacing VOL-IV F4-A/proposal-due-date p3, ADD-01/AppA/para1)",ADD-01 AppA/proposal-due-date p3 (issued as VOL-IV:F4-A/proposal-due-date) <- ADD-01/AppA/para1,procedural,Legal,Legal counsel,EV-FORM-4A,ACTIVE,AMENDED (ADD-01/AppA/para1),ACTIVE (as amended by ADD-01/AppA/para1),ACTIVE (as amended by ADD-01/AppA/para1),VOL-IV F4-A/proposal-due-date p3,"ADD-01 AppA/proposal-due-date p3 (replacing VOL-IV F4-A/proposal-due-date p3, ADD-01/AppA/para1)","ADD-01 AppA/proposal-due-date p3 (replacing VOL-IV F4-A/proposal-due-date p3, ADD-01/AppA/para1)","ADD-01 AppA/proposal-due-date p3 (replacing VOL-IV F4-A/proposal-due-date p3, ADD-01/AppA/para1)",none stated in the documents,,,"high: verbatim printed field; the conflict with the amended PDD is shown, not resolved",n/a (text layer),proposed (not reviewed),ADD-01/AppA/para1: proposed,VOL-IV:F4-A/proposal-due-date (VOL-IV p3; text layer); ADD-01/AppA/para1 [ADD-01; proposed] <- ADD-01:AppA/para1 (ADD-01 p3),I-F4A-FIELDS,
VOL-I-9.4-01,UNRESOLVED: STALE at ADD-03 (its reading was not re-made: ADD-02:Q9 changed since ADD-02 (by ADD-03/Q15)),VOL-I:9.4,envelope_A; forms; arabic,"Form 4-C completed in Arabic, signed and stamped by an authorised signatory of each member","[VOL-I 9.4 p5] Form 4-C shall be completed in the Arabic language, signed and stamped by an authorised signatory of each member of the Bidder. A translation may be attached for convenience but the Arabic text shall govern. Failure to submit a complete and properly executed Form 4-C for each member shall render the Proposal non-responsive.
[VOL-IV F4-C/image p6] Form 4-C (image, Arabic with English labels): Conflict of Interest and Debarment Declaration","[VOL-I 9.4 p5] Form 4-C shall be completed in the Arabic language, signed and stamped by an authorised signatory of each member of the Bidder. A translation may be attached for convenience but the Arabic text shall govern. Failure to submit a complete and properly executed Form 4-C for each member shall render the Proposal non-responsive.
[VOL-IV F4-C/image p6] Form 4-C (image, Arabic with English labels): Conflict of Interest and Debarment Declaration","Form 4-C shall be completed in the Arabic language, signed and stamped by an authorised signatory of each member of the Bidder.",VOL-I 9.4 p5,VOL-I 9.4 p5; VOL-IV F4-C/image p6,pass_fail,Legal,Legal counsel,EV-FORM-4C,ACTIVE,ACTIVE,ACTIVE,ACTIVE — STALE,VOL-I 9.4 p5,VOL-I 9.4 p5,VOL-I 9.4 p5,VOL-I 9.4 p5,"non-responsive: ""Failure to submit a complete and properly executed Form 4-C for each member shall render the Proposal non-responsive.""",VOL-I 9.4 p5,,"high: text-layer clause; the form itself is an image (transcription confirmed by the owner, 3 Oct 2026)",approved,proposed (not reviewed),n/a,VOL-I:9.4 (VOL-I p5; text layer); VOL-IV:F4-C/image (VOL-IV p6; image reading),I-BIDDER-FACTS,"<- REL-MEMBER-FORM-4C [confirmed member_scope] from VOL-I:8.1, words:member of the Bidder, words:consortium member, words:member of the consortium"
VOL-IV-F4C-04,UNRESOLVED: STALE at ADD-03 (its reading was not re-made: ADD-02:Q9 changed since ADD-02 (by ADD-03/Q15)),VOL-IV:F4-C,forms; arabic; declaration,Form 4-C declaration 4 (Arabic only): all information in the Proposal is true and complete,رابعاً: أن جميع المعلومات المقدمة في هذا العرض صحيحة وكاملة، وندرك أن أي بيان غير صحيح يؤدي إلى استبعاد العرض.,رابعاً: أن جميع المعلومات المقدمة في هذا العرض صحيحة وكاملة، وندرك أن أي بيان غير صحيح يؤدي إلى استبعاد العرض.,أن جميع المعلومات المقدمة في هذا العرض صحيحة وكاملة,VOL-IV F4-C/image/decl4 p6,VOL-IV F4-C/image/decl4 p6,pass_fail,Legal,Legal counsel,EV-FORM-4C,ACTIVE,ACTIVE,ACTIVE,ACTIVE — STALE,VOL-IV F4-C/image/decl4 p6,VOL-IV F4-C/image/decl4 p6,VOL-IV F4-C/image/decl4 p6,VOL-IV F4-C/image/decl4 p6,"exclusion: ""يؤدي إلى استبعاد العرض"" (proposed translation, not reviewed: 'leads to the exclusion of the proposal')",VOL-IV F4-C/image/decl4 p6,,"medium: from an image reading (transcription confirmed by the owner, 3 Oct 2026); Arabic-only consequence whose category is unresolved",approved,proposed (not reviewed),n/a,VOL-IV:F4-C/image/decl4 (VOL-IV p6; image reading),I-READING-F4C; I-F4C-EXCLUSION,
VOL-IV-F4C-N1,UNRESOLVED: STALE at ADD-03 (its reading was not re-made: ADD-02:Q9 changed since ADD-02 (by ADD-03/Q15)),VOL-IV:F4-C,forms; arabic,Form 4-C note (Arabic): submit the form in Arabic for each consortium member,ملاحظة: يجب تقديم هذا النموذج باللغة العربية عن كل عضو من أعضاء الائتلاف. عدم تقديمه كاملاً يجعل العرض غير مستجيب.,ملاحظة: يجب تقديم هذا النموذج باللغة العربية عن كل عضو من أعضاء الائتلاف. عدم تقديمه كاملاً يجعل العرض غير مستجيب.,يجب تقديم هذا النموذج باللغة العربية عن كل عضو من أعضاء الائتلاف,VOL-IV F4-C/image/note p6,VOL-IV F4-C/image/note p6,pass_fail,Legal,Legal counsel,EV-FORM-4C,ACTIVE,ACTIVE,ACTIVE,ACTIVE — STALE,VOL-IV F4-C/image/note p6,VOL-IV F4-C/image/note p6,VOL-IV F4-C/image/note p6,VOL-IV F4-C/image/note p6,"non-responsive: ""عدم تقديمه كاملاً يجعل العرض غير مستجيب"" (proposed translation, not reviewed: 'failure to submit it complete renders the proposal non-responsive')",VOL-IV F4-C/image/note p6,,"medium: from an image reading (transcription confirmed by the owner, 3 Oct 2026)",approved,proposed (not reviewed),n/a,VOL-IV:F4-C/image/note (VOL-IV p6; image reading),I-READING-F4C,"<- REL-MEMBER-FORM-4C [confirmed member_scope] from VOL-I:8.1, words:member of the Bidder, words:consortium member, words:member of the consortium"
ADD-02-7.2-01,proposed (existing row; not changed by this run; not reviewed),ADD-02:7,envelope_A; forms; new_in_addendum,Complete and submit the new Form 4-G (cybersecurity undertaking) with Envelope A,"[ADD-02 7.2 p3; issued by ADD-02] (not in the volumes as issued)
[VOL-I 9.1(e)+ADD-02 p3] (not in the volumes as issued)","[ADD-02 7.2 p3] Form 4-G shall be completed and submitted with Envelope A. Failure to submit Form 4-G shall render the Proposal non-responsive.
[VOL-I 9.1(e)+ADD-02 p3] FORM 4-G — CYBERSECURITY COMPLIANCE UNDERTAKING",Form 4-G shall be completed and submitted with Envelope A.,ADD-02 7.2 p3,ADD-02 7.2 p3; VOL-I 9.1(e)+ADD-02 p3 <- ADD-02/7.1,pass_fail,Technical,Technical lead,EV-FORM-4G,NOT ISSUED,NOT ISSUED,NEW,ACTIVE,,,ADD-02 7.2 p3,ADD-02 7.2 p3,"non-responsive: ""Failure to submit Form 4-G shall render the Proposal non-responsive.""",ADD-02 7.2 p3,,high: verbatim; the re-lettering of the Envelope A list after item (e) is not stated,n/a (text layer),proposed (not reviewed),n/a,ADD-02:7.2 (ADD-02 p3; text layer; issued by ADD-02); VOL-I:9.1(e)+ADD-02 (VOL-I p3; addendum op; issued by ADD-02); ADD-02/7.1 [ADD-02; proposed] <- ADD-02:7.1 (ADD-02 p3),I-F4G-LETTERING,
ADD-02-F4G-01,UNRESOLVED: cites a unit an unresolved provision of ADD-03 names,ADD-02:F4-G,forms; post_award; new_in_addendum; cybersecurity,Form 4-G undertaking 3: appoint a named accountable security officer for the concession period (confirmed Yes or No),Item: 3 | Undertaking: A named accountable security officer will be appointed for the concession period. | Confirmed: Yes / No,Item: 3 | Undertaking: A named accountable security officer will be appointed for the concession period. | Confirmed: Yes / No,A named accountable security officer will be appointed for the concession period.,ADD-02 7.1 p3 (amending ADD-02 F4-G/T1/3),ADD-02 F4-G/T1/3 p3 <- ADD-02/7.1,contractual_post_award,Technical,Technical lead,EV-FORM-4G,NOT ISSUED,NOT ISSUED,NEW,REPLACED (by ADD-03:F4-G/T1/3),,,ADD-02 7.1 p3 (amending ADD-02 F4-G/T1/3),ADD-03 AppA/para1 p4 (amending ADD-02 F4-G/T1/3),none stated in the documents,,,medium: verbatim; the effect of answering 'No' is not stated,n/a (text layer),proposed (not reviewed),ADD-02/7.1: proposed,ADD-02:F4-G/T1/3 (ADD-02 p3; text layer; issued by ADD-02); ADD-02/7.1 [ADD-02; proposed] <- ADD-02:7.1 (ADD-02 p3); ADD-03/AppA/para1 [ADD-03; proposed] <- ADD-03:AppA/para1 (ADD-03 p4),I-F4G-NO,
ADD-02-F4G-05,UNRESOLVED: cites a unit an unresolved provision of ADD-03 names,ADD-02:F4-G,forms; post_award; new_in_addendum; cybersecurity,Form 4-G undertaking 4: notify security incidents affecting the Facility to the Authority within 24 hours of detection (confirmed Yes or No),Item: 4 | Undertaking: Security incidents affecting the Facility will be notified to the Authority within twenty-four (24) hours of detection. | Confirmed: Yes / No,Item: 4 | Undertaking: Security incidents affecting the Facility will be notified to the Authority within twenty-four (24) hours of detection. | Confirmed: Yes / No,Security incidents affecting the Facility will be notified to the Authority within twenty-four (24) hours of detection.,ADD-02 7.1 p3 (amending ADD-02 F4-G/T1/4),ADD-02 F4-G/T1/4 p3 <- ADD-02/7.1,contractual_post_award,Technical,Technical lead,EV-FORM-4G,NOT ISSUED,NOT ISSUED,NEW,REPLACED (by ADD-03:F4-G/T1/4),,,ADD-02 7.1 p3 (amending ADD-02 F4-G/T1/4),ADD-03 AppA/para1 p4 (amending ADD-02 F4-G/T1/4),none stated in the documents,,,medium: verbatim; the effect of answering 'No' is not stated,n/a (text layer),proposed (not reviewed),ADD-02/7.1: proposed,ADD-02:F4-G/T1/4 (ADD-02 p3; text layer; issued by ADD-02); ADD-02/7.1 [ADD-02; proposed] <- ADD-02:7.1 (ADD-02 p3); ADD-03/AppA/para1 [ADD-03; proposed] <- ADD-03:AppA/para1 (ADD-03 p4),I-F4G-NO,
ADD-02-F4G-06,UNRESOLVED: cites a unit an unresolved provision of ADD-03 names,ADD-02:F4-G,forms; post_award; new_in_addendum; cybersecurity,"Form 4-G undertaking 5: an independent penetration test of the OT environment every year, with the report provided to the Authority (confirmed Yes or No)",Item: 5 | Undertaking: An independent penetration test of the operational technology environment will be carried out annually and the report provided to the Authority. | Confirmed: Yes / No,Item: 5 | Undertaking: An independent penetration test of the operational technology environment will be carried out annually and the report provided to the Authority. | Confirmed: Yes / No,An independent penetration test of the operational technology environment will be carried out annually and the report provided to the Authority.,ADD-02 7.1 p3 (amending ADD-02 F4-G/T1/5),ADD-02 F4-G/T1/5 p3 <- ADD-02/7.1,contractual_post_award,Technical,Technical lead,EV-FORM-4G,NOT ISSUED,NOT ISSUED,NEW,REPLACED (by ADD-03:F4-G/T1/5),,,ADD-02 7.1 p3 (amending ADD-02 F4-G/T1/5),ADD-03 AppA/para1 p4 (amending ADD-02 F4-G/T1/5),none stated in the documents,,,medium: verbatim; the effect of answering 'No' is not stated,n/a (text layer),proposed (not reviewed),ADD-02/7.1: proposed,ADD-02:F4-G/T1/5 (ADD-02 p3; text layer; issued by ADD-02); ADD-02/7.1 [ADD-02; proposed] <- ADD-02:7.1 (ADD-02 p3); ADD-03/AppA/para1 [ADD-03; proposed] <- ADD-03:AppA/para1 (ADD-03 p4),I-F4G-NO,
ADD-02-F4G-07,UNRESOLVED: cites a unit an unresolved provision of ADD-03 names,ADD-02:F4-G,forms; post_award; new_in_addendum; cybersecurity,Form 4-G undertaking 6: remote access to the control system requires multi-factor authentication and is logged (confirmed Yes or No),Item: 6 | Undertaking: Remote access to the control system will require multi-factor authentication and will be logged. | Confirmed: Yes / No,Item: 6 | Undertaking: Remote access to the control system will require multi-factor authentication and will be logged. | Confirmed: Yes / No,Remote access to the control system will require multi-factor authentication and will be logged.,ADD-02 7.1 p3 (amending ADD-02 F4-G/T1/6),ADD-02 F4-G/T1/6 p3 <- ADD-02/7.1,contractual_post_award,Technical,Technical lead,EV-FORM-4G,NOT ISSUED,NOT ISSUED,NEW,REPLACED (by ADD-03:F4-G/T1/6),,,ADD-02 7.1 p3 (amending ADD-02 F4-G/T1/6),ADD-03 AppA/para1 p4 (amending ADD-02 F4-G/T1/6),none stated in the documents,,,medium: verbatim; the effect of answering 'No' is not stated,n/a (text layer),proposed (not reviewed),ADD-02/7.1: proposed,ADD-02:F4-G/T1/6 (ADD-02 p3; text layer; issued by ADD-02); ADD-02/7.1 [ADD-02; proposed] <- ADD-02:7.1 (ADD-02 p3); ADD-03/AppA/para1 [ADD-03; proposed] <- ADD-03:AppA/para1 (ADD-03 p4),I-F4G-NO,
VOL-II-4.4-01,proposed (existing row; not changed by this run; not reviewed),VOL-II:4.4,technical_design; repeated_wording,"Standby power sized to carry the inlet works, disinfection and effluent pumping for the stated duration","Standby provision for all rotating equipment shall be N+1. Standby power shall be sized to carry the full inlet works, the disinfection stage and the effluent pumping station for not less than seventy-two (72) hours.","Standby provision for all rotating equipment shall be N+1. Standby power shall be sized to carry the full inlet works, the disinfection stage and the effluent pumping station for not less than ninety-six (96) hours.",for not less than ninety-six (96) hours,VOL-II 4.4 p4 as amended by ADD-02 4.1 p1,VOL-II 4.4 p4 <- ADD-02/4.1,scored,Technical,Technical lead,EV-TECH-PROPOSAL,ACTIVE,ACTIVE,AMENDED (ADD-02/4.1),ACTIVE (as amended by ADD-02/4.1),VOL-II 4.4 p4,VOL-II 4.4 p4,VOL-II 4.4 p4 as amended by ADD-02 4.1 p1,VOL-II 4.4 p4 as amended by ADD-02 4.1 p1,none stated in the documents,,,high: verbatim; how non-compliance in the technical proposal is treated is not stated,n/a (text layer),proposed (not reviewed),ADD-02/4.1: proposed,VOL-II:4.4 (VOL-II p4; text layer); ADD-02/4.1 [ADD-02; proposed] <- ADD-02:4.1 (ADD-02 p1),,
VOL-V-31.3-01,proposed (existing row; not changed by this run; not reviewed),VOL-V:31.3,contract; post_award; repeated_wording,Cure period of 72 hours for an Unavailability Event under VOL-V 31.1(c) (unchanged by the addenda),A cure period of twenty-four (24) hours applies to an Unavailability Event under Clause 31.1(a) and of seventy-two (72) hours to an event under Clause 31.1(c). No cure period applies to an event under Clause 31.1(b).,A cure period of twenty-four (24) hours applies to an Unavailability Event under Clause 31.1(a) and of seventy-two (72) hours to an event under Clause 31.1(c). No cure period applies to an event under Clause 31.1(b).,of seventy-two (72) hours to an event under Clause 31.1(c),VOL-V 31.3 p3,VOL-V 31.3 p3,contractual_post_award,Legal,Legal counsel,"Unresolved: the record that would show a VOL-V 31.1(c) event was cured within the 72-hour cure period cannot be specified from the extract, which states the length of the period but not when it starts or what a cure changes, and the deductions are calculated under Schedule 7 (VOL-V 31.2), which is not supplied.",ACTIVE,ACTIVE,ACTIVE,ACTIVE,VOL-V 31.3 p3,VOL-V 31.3 p3,VOL-V 31.3 p3,VOL-V 31.3 p3,none stated in the documents,,,high: verbatim; must not change when VOL-II 4.4's identical words do,n/a (text layer),proposed (not reviewed),n/a,VOL-V:31.3 (VOL-V p3; text layer),,
VOL-I-11.2-01,proposed (existing row; not changed by this run; not reviewed),VOL-I:11.2,evaluation; weighting; repeated_wording,"Combined score weighting, technical / commercial",Proposals reaching stage (iii) will be ranked on a combined score calculated on a weighting of sixty per cent (60%) technical and forty per cent (40%) commercial.,Proposals reaching stage (iii) will be ranked on a combined score calculated on a weighting of sixty-five per cent (65%) technical and thirty-five per cent (35%) commercial.,sixty-five per cent (65%) technical and thirty-five per cent (35%) commercial,ADD-02 T1-1-rev/note(2) p1 (amending VOL-I 11.2),VOL-I 11.2 p5 <- ADD-02/T1-1-rev/note(2),scored,Bid management,Bid manager,"none: an evaluation rule the Authority applies; what it weighs are the Technical Proposal and the commercial proposal, required by their own rows",ACTIVE,ACTIVE,AMENDED (ADD-02/T1-1-rev/note(2)),ACTIVE (as amended by ADD-02/T1-1-rev/note(2)),VOL-I 11.2 p5,VOL-I 11.2 p5,ADD-02 T1-1-rev/note(2) p1 (amending VOL-I 11.2),ADD-02 T1-1-rev/note(2) p1 (amending VOL-I 11.2),none stated in the documents,,,medium: the amendment is in a small-print table note and does not quote the words it replaces,n/a (text layer),proposed (not reviewed),ADD-02/T1-1-rev/note(2): proposed,VOL-I:11.2 (VOL-I p5; text layer); ADD-02/T1-1-rev/note(2) [ADD-02; proposed] <- ADD-02:T1-1-rev/note(2) (ADD-02 p1),,
VOL-V-29.2-01,proposed (existing row; not changed by this run; not reviewed),VOL-V:29.2,contract; payment; repeated_wording,"Availability Payment indexation: 60% indexed to CPI, 40% fixed (unchanged by the addenda)","The Availability Payment shall be indexed annually in accordance with Schedule 9, with sixty per cent (60%) of the payment indexed to the published consumer price index and forty per cent (40%) remaining fixed.","The Availability Payment shall be indexed annually in accordance with Schedule 9, with sixty per cent (60%) of the payment indexed to the published consumer price index and forty per cent (40%) remaining fixed.",sixty per cent (60%) of the payment indexed to the published consumer price index and forty per cent (40%) remaining fixed,VOL-V 29.2 p3,VOL-V 29.2 p3,contractual_post_award,Commercial,Commercial lead,"Not applicable: indexation of the Availability Payment (60% indexed to the published consumer price index, 40% fixed) is a payment term applied in accordance with Schedule 9, not an act the Project Company performs and evidences.",ACTIVE,ACTIVE,ACTIVE,ACTIVE,VOL-V 29.2 p3,VOL-V 29.2 p3,VOL-V 29.2 p3,VOL-V 29.2 p3,none stated in the documents,,,high: verbatim; must not change when VOL-I 11.2's similar words do,n/a (text layer),proposed (not reviewed),n/a,VOL-V:29.2 (VOL-V p3; text layer),,
VOL-I-11.3-01,proposed (existing row; not changed by this run; not reviewed),VOL-I:11.3,evaluation; threshold,Technical score of at least 70 out of 100 to proceed to commercial evaluation,A Proposal scoring less than seventy (70) marks out of one hundred (100) at the technical evaluation shall not proceed to commercial evaluation and its Envelope B shall be returned unopened.,A Proposal scoring less than seventy (70) marks out of one hundred (100) at the technical evaluation shall not proceed to commercial evaluation and its Envelope B shall be returned unopened.,scoring less than seventy (70) marks out of one hundred (100),VOL-I 11.3 p5,VOL-I 11.3 p5,scored,Technical,Technical lead,EV-TECH-PROPOSAL,ACTIVE,ACTIVE,ACTIVE,ACTIVE,VOL-I 11.3 p5,VOL-I 11.3 p5,VOL-I 11.3 p5,VOL-I 11.3 p5,"Envelope B returned unopened: ""its Envelope B shall be returned unopened""",VOL-I 11.3 p5,,high: verbatim; confirmed unchanged by ADD-02 note (1),n/a (text layer),proposed (not reviewed),n/a,VOL-I:11.3 (VOL-I p5; text layer),,
VOL-I-T1-1-B,proposed (existing row; not changed by this run; not reviewed),VOL-I:T1-1,evaluation; weighting,"Marks available for criterion B (construction methodology, programme and interfaces)","Ref: B | Criterion: Construction methodology, programme and interface management | Marks: 20","Ref: B | Criterion: Construction methodology, programme and interface management | Marks: 15",Marks: 15,"ADD-02 T1-1-rev/B p1 (replacing VOL-I T1-1/B p6, ADD-02/3.1)",ADD-02 T1-1-rev/B p1 (issued as VOL-I:T1-1/B) <- ADD-02/3.1,scored,Technical,Technical lead,EV-TECH-PROPOSAL,ACTIVE,ACTIVE,AMENDED (ADD-02/3.1),ACTIVE (as amended by ADD-02/3.1),VOL-I T1-1/B p6,VOL-I T1-1/B p6,"ADD-02 T1-1-rev/B p1 (replacing VOL-I T1-1/B p6, ADD-02/3.1)","ADD-02 T1-1-rev/B p1 (replacing VOL-I T1-1/B p6, ADD-02/3.1)",none stated in the documents,,,high: verbatim table rows,n/a (text layer),proposed (not reviewed),ADD-02/3.1: proposed,VOL-I:T1-1/B (VOL-I p6; text layer); ADD-02/3.1 [ADD-02; proposed] <- ADD-02:3.1 (ADD-02 p1),,
VOL-I-T1-1-D,proposed (existing row; not changed by this run; not reviewed),VOL-I:T1-1,evaluation; weighting,Marks available for criterion D (environmental and social management),Ref: D | Criterion: Environmental and social management | Marks: 15,Ref: D | Criterion: Environmental and social management | Marks: 20,Marks: 20,"ADD-02 T1-1-rev/D p1 (replacing VOL-I T1-1/D p6, ADD-02/3.1)",ADD-02 T1-1-rev/D p1 (issued as VOL-I:T1-1/D) <- ADD-02/3.1,scored,Technical,Technical lead,EV-TECH-PROPOSAL,ACTIVE,ACTIVE,AMENDED (ADD-02/3.1),ACTIVE (as amended by ADD-02/3.1),VOL-I T1-1/D p6,VOL-I T1-1/D p6,"ADD-02 T1-1-rev/D p1 (replacing VOL-I T1-1/D p6, ADD-02/3.1)","ADD-02 T1-1-rev/D p1 (replacing VOL-I T1-1/D p6, ADD-02/3.1)",none stated in the documents,,,high: verbatim table rows,n/a (text layer),proposed (not reviewed),ADD-02/3.1: proposed,VOL-I:T1-1/D (VOL-I p6; text layer); ADD-02/3.1 [ADD-02; proposed] <- ADD-02:3.1 (ADD-02 p1),,
VOL-II-T2-4-TN,UNRESOLVED: cites a unit an unresolved provision of ADD-03 names,VOL-II:T2-4,technical_design; effluent; image,"Treated effluent Total Nitrogen (TN): value shown in Table 2-4, unit and basis of assessment",Parameter: Total Nitrogen (TN) | Unit: mg/l | Limit: 5 | Basis of assessment: 30-day rolling average,Parameter: Total Nitrogen (TN) | Unit: mg/l | Limit: 3 | Basis of assessment: 30-day rolling average,Limit: 3,VOL-II T2-4/TN p3 as amended by ADD-02 5.1 p1,VOL-II T2-4/TN p3 <- ADD-02/5.1,scored,Technical,Technical lead,EV-TECH-PROPOSAL,ACTIVE,ACTIVE,AMENDED (ADD-02/5.1),ACTIVE (as amended by ADD-02/5.1),VOL-II T2-4/TN p3,VOL-II T2-4/TN p3,VOL-II T2-4/TN p3 as amended by ADD-02 5.1 p1,VOL-II T2-4/TN p3 as amended by ADD-02 5.1 p1,none stated in the documents,,,"medium: base value 5 mg/l and basis come from the image reading (transcription confirmed by the owner, 3 Oct 2026); the separate amended value 3 mg/l comes from ADD-02 5.1 (op proposed); the Permit is not supplied",approved,proposed (not reviewed),ADD-02/5.1: proposed,VOL-II:T2-4/TN (VOL-II p3; image reading); ADD-02/5.1 [ADD-02; proposed] <- ADD-02:5.1 (ADD-02 p1),I-PERMIT; I-READING-T24,"NOT SUPPLIED: the Environmental Permit issued for the site (REL-MISSING-ENVIRONMENTAL-PERMIT, link confirmed): cannot be established: that the reproduced Table 2-4 limits, as amended by the addenda, are the limits that govern (the Permit prevails over the reproduction), and the limit of any parameter not listed (Note 1); Permit compliance is not claimed"
ADD-01-AppA-01,proposed (existing row; not changed by this run; not reviewed),ADD-01:AppA,envelope_A; forms; addenda_acknowledgement; reissued_form; new_in_addendum,Acknowledge receipt of each Addendum in Form 4-A (reissued form field 'Addenda acknowledged (numbers)'),"[ADD-01 cover/para3 p1; issued by ADD-01] (not in the volumes as issued)
[ADD-01 AppA/addenda-acknowledged-numbers p3; issued by ADD-01] (not in the volumes as issued)
[ADD-01 AppA/para1 p3; issued by ADD-01] (not in the volumes as issued)
[ADD-02 cover/para3 p1; issued by ADD-02] (not in the volumes as issued)","[ADD-01 cover/para3 p1] This Addendum amends the Proposal Due Date, deletes one qualification requirement, amends Volume II Clause 5.3, publishes the minutes of the Pre-Bid Conference, and responds to clarification requests 1 to 6. This Addendum forms part of the RFP Documents and takes precedence in accordance with Volume I Clause 3.2. Bidders shall acknowledge receipt in Form 4-A. All other terms of the RFP Documents remain unchanged.
[ADD-01 AppA/addenda-acknowledged-numbers p3] Addenda acknowledged (numbers):
[ADD-01 AppA/para1 p3] Form 4-A is reissued below to add the acknowledgement of Addenda at paragraph 1. Bidders shall use this version.
[ADD-02 cover/para3 p1] This Addendum amends the page limit, reissues the technical evaluation table, amends Volume II Clauses 4.4 and Table 2-4, adds Form 4-G, amends Volume V Clause 36.2, reinstates Volume I Clause 8.6, and responds to clarification requests 7 to 14. This Addendum forms part of the RFP Documents and takes precedence in accordance with Volume I Clause 3.2. Bidders shall acknowledge receipt in Form 4-A. All other terms of the RFP Documents remain unchanged.",Bidders shall acknowledge receipt in Form 4-A.,ADD-01 cover/para3 p1,ADD-01 cover/para3 p1; ADD-01 AppA/addenda-acknowledged-numbers p3 <- ADD-01/AppA/para1; ADD-01 AppA/para1 p3; ADD-02 cover/para3 p1,pass_fail,Bid management,Bid manager,EV-FORM-4A,NOT ISSUED,NEW,ACTIVE,ACTIVE,,ADD-01 cover/para3 p1,ADD-01 cover/para3 p1,ADD-01 cover/para3 p1,none stated in the documents,,,medium: verbatim; the reissued form's stated purpose ('paragraph 1') does not match its layout,n/a (text layer),proposed (not reviewed),n/a,ADD-01:cover/para3 (ADD-01 p1; text layer; issued by ADD-01); ADD-01:AppA/addenda-acknowledged-numbers (ADD-01 p3; text layer; issued by ADD-01); ADD-01:AppA/para1 (ADD-01 p3; text layer; issued by ADD-01); ADD-02:cover/para3 (ADD-02 p1; text layer; issued by ADD-02); ADD-01/AppA/para1 [ADD-01; proposed] <- ADD-01:AppA/para1 (ADD-01 p3),I-F4A-FIELDS; I-NO-CONSEQUENCE,
ADD-01-Q4-01,proposed (existing row; not changed by this run; not reviewed),ADD-01:Q4,site_conditions; risk; data_gap; new_in_addendum,Satisfy yourselves as to ground conditions (asked for the wadi crossing); the data-room geotechnical report is for information,No: 4 | Bidder question: Can the Authority confirm the ground conditions at the wadi crossing? | Authority response: The geotechnical report in the data room is provided for information. Bidders shall satisfy themselves as to ground conditions.,No: 4 | Bidder question: Can the Authority confirm the ground conditions at the wadi crossing? | Authority response: The geotechnical report in the data room is provided for information. Bidders shall satisfy themselves as to ground conditions.,Bidders shall satisfy themselves as to ground conditions.,ADD-01 Q4 p2,ADD-01 Q4 p2,procedural,Technical,Technical lead,EV-GROUND-DD,NOT ISSUED,NEW,ACTIVE,ACTIVE,,ADD-01 Q4 p2,ADD-01 Q4 p2,ADD-01 Q4 p2,none stated in the documents,,,medium: verbatim answer; the report it refers to and the drawings are not in the pack,n/a (text layer),proposed (not reviewed),n/a,ADD-01:Q4 (ADD-01 p2; text layer; issued by ADD-01),I-VOL-III,
ADD-02-5.2-01,proposed (existing row; not changed by this run; not reviewed),ADD-02:5.2,technical_design; effluent; new_in_addendum,"Reflect the amended Total Nitrogen limit (3 mg/l, ADD-02 5.1) in the process design submitted under Volume II Section 3","[ADD-02 5.2 p1; issued by ADD-02] (not in the volumes as issued)
[ADD-02 5.1 p1; issued by ADD-02] (not in the volumes as issued)","[ADD-02 5.2 p1] Bidders shall reflect the amended limit in the process design submitted under Volume II Section 3.
[ADD-02 5.1 p1] In Volume II Table 2-4, the limit for Total Nitrogen (TN) is amended from the value shown to 3 mg/l, assessed on the same basis. All other parameters in Table 2-4 are unchanged.",Bidders shall reflect the amended limit in the process design submitted under Volume II Section 3.,ADD-02 5.2 p1,ADD-02 5.2 p1; ADD-02 5.1 p1,pass_fail,Technical,Technical lead,EV-TECH-PROPOSAL,NOT ISSUED,NOT ISSUED,NEW,ACTIVE,,,ADD-02 5.2 p1,ADD-02 5.2 p1,none stated in the documents,,,"medium: verbatim; the basis of assessment rests on the image reading (transcription confirmed by the owner, 3 Oct 2026) and the Permit is not supplied",n/a (text layer),proposed (not reviewed),n/a,ADD-02:5.2 (ADD-02 p1; text layer; issued by ADD-02); ADD-02:5.1 (ADD-02 p1; text layer; issued by ADD-02),I-NO-CONSEQUENCE; I-PERMIT; I-READING-T24,
ADD-02-T1-1-N3-01,proposed (existing row; not changed by this run; not reviewed),ADD-02:T1-1-rev,evaluation; scoring; new_in_addendum,Technical marks awarded on the Authority's 'standard five-point scale' and multiplied by the weight shown (reissued Table 1-1),"[ADD-02 T1-1-rev/note(3) p1; issued by ADD-02] (not in the volumes as issued)
[ADD-02 T1-1-rev p1; issued by ADD-02] (not in the volumes as issued)","[ADD-02 T1-1-rev/note(3) p1] (3)  Marks are awarded on the Authority's standard five-point scale and multiplied by the weight shown.
[ADD-02 T1-1-rev p1] Table 1-1 (revised) — Technical evaluation criteria — Ref | Criterion | Marks",Marks are awarded on the Authority's standard five-point scale and multiplied by the weight shown.,ADD-02 T1-1-rev/note(3) p1,ADD-02 T1-1-rev/note(3) p1; ADD-02 T1-1-rev p1 <- ADD-02/3.1,scored,Bid management,Bid manager,EV-TECH-PROPOSAL,NOT ISSUED,NOT ISSUED,NEW,ACTIVE,,,ADD-02 T1-1-rev/note(3) p1,ADD-02 T1-1-rev/note(3) p1,none stated in the documents,,,medium: verbatim; the method it states cannot be applied from the pack,n/a (text layer),proposed (not reviewed),n/a,ADD-02:T1-1-rev/note(3) (ADD-02 p1; text layer; issued by ADD-02); ADD-02:T1-1-rev (ADD-02 p1; text layer; issued by ADD-02); ADD-02/3.1 [ADD-02; proposed] <- ADD-02:3.1 (ADD-02 p1),I-VOL-IV-SCALE,
ADD-02-F4G-02,UNRESOLVED: cites a unit an unresolved provision of ADD-03 names,ADD-02:F4-G,forms; post_award; cybersecurity; new_in_addendum,Form 4-G undertaking 1: segregate the OT environment from any business network per VOL-II 6.2 (confirmed Yes or No),Item: 1 | Undertaking: The operational technology environment will be segregated from any business network in accordance with Volume II Clause 6.2. | Confirmed: Yes / No,Item: 1 | Undertaking: The operational technology environment will be segregated from any business network in accordance with Volume II Clause 6.2. | Confirmed: Yes / No,The operational technology environment will be segregated from any business network in accordance with Volume II Clause 6.2.,ADD-02 7.1 p3 (amending ADD-02 F4-G/T1/1),ADD-02 F4-G/T1/1 p3 <- ADD-02/7.1,contractual_post_award,Technical,Technical lead,EV-FORM-4G,NOT ISSUED,NOT ISSUED,NEW,REPLACED (by ADD-03:F4-G/T1/1),,,ADD-02 7.1 p3 (amending ADD-02 F4-G/T1/1),ADD-03 AppA/para1 p4 (amending ADD-02 F4-G/T1/1),none stated in the documents,,,medium: verbatim; the effect of answering 'No' is not stated,n/a (text layer),proposed (not reviewed),ADD-02/7.1: proposed,ADD-02:F4-G/T1/1 (ADD-02 p3; text layer; issued by ADD-02); ADD-02/7.1 [ADD-02; proposed] <- ADD-02:7.1 (ADD-02 p3); ADD-03/AppA/para1 [ADD-03; proposed] <- ADD-03:AppA/para1 (ADD-03 p4),I-F4G-NO,
ADD-02-F4G-03,UNRESOLVED: cites a unit an unresolved provision of ADD-03 names,ADD-02:F4-G,forms; post_award; cybersecurity; new_in_addendum,Form 4-G undertaking 2: implement an information security management system covering the OT environment before commissioning,Item: 2 | Undertaking: An information security management system covering the operational technology environment will be implemented before commissioning. | Confirmed: Yes / No,Item: 2 | Undertaking: An information security management system covering the operational technology environment will be implemented before commissioning. | Confirmed: Yes / No,An information security management system covering the operational technology environment will be implemented before commissioning.,ADD-02 7.1 p3 (amending ADD-02 F4-G/T1/2),ADD-02 F4-G/T1/2 p3 <- ADD-02/7.1,contractual_post_award,Technical,Technical lead,EV-FORM-4G,NOT ISSUED,NOT ISSUED,NEW,REPLACED (by ADD-03:F4-G/T1/2),,,ADD-02 7.1 p3 (amending ADD-02 F4-G/T1/2),ADD-03 AppA/para1 p4 (amending ADD-02 F4-G/T1/2),none stated in the documents,,,medium: verbatim; the effect of answering 'No' is not stated,n/a (text layer),proposed (not reviewed),ADD-02/7.1: proposed,ADD-02:F4-G/T1/2 (ADD-02 p3; text layer; issued by ADD-02); ADD-02/7.1 [ADD-02; proposed] <- ADD-02:7.1 (ADD-02 p3); ADD-03/AppA/para1 [ADD-03; proposed] <- ADD-03:AppA/para1 (ADD-03 p4),I-F4G-NO,
ADD-02-F4G-04,UNRESOLVED: cites a unit an unresolved provision of ADD-03 names,ADD-02:F4-G,envelope_A; forms; new_in_addendum,"Sign Form 4-G for and on behalf of the Bidder, with name and date",Signed for and on behalf of the Bidder: _______________________ Name: _______________________ Date: ____________,Signed for and on behalf of the Bidder: _______________________ Name: _______________________ Date: ____________,Signed for and on behalf of the Bidder,ADD-02 7.1 p3 (amending ADD-02 F4-G/para1),ADD-02 F4-G/para1 p3 <- ADD-02/7.1,pass_fail,Technical,Bid manager,EV-FORM-4G,NOT ISSUED,NOT ISSUED,NEW,REPLACED (by ADD-03:F4-G),,,ADD-02 7.1 p3 (amending ADD-02 F4-G/para1),ADD-03 AppA/para1 p4 (amending ADD-02 F4-G/para1),none stated in the documents,,,high: verbatim signature line,n/a (text layer),proposed (not reviewed),ADD-02/7.1: proposed,ADD-02:F4-G/para1 (ADD-02 p3; text layer; issued by ADD-02); ADD-02/7.1 [ADD-02; proposed] <- ADD-02:7.1 (ADD-02 p3); ADD-03/AppA/para1 [ADD-03; proposed] <- ADD-03:AppA/para1 (ADD-03 p4),I-NO-CONSEQUENCE,
VOL-I-1.4-01,proposed (existing row; not changed by this run; not reviewed),VOL-I:1.4,eligibility; qualification,Only a Bidder prequalified under RFQ NUPA/ISTP/2025/031 and named in Appendix 1 may submit a Proposal,Only Bidders prequalified under Request for Qualification NUPA/ISTP/2025/031 and named in Appendix 1 to this Volume are eligible to submit a Proposal. A Proposal received from any other person shall be rejected without evaluation.,Only Bidders prequalified under Request for Qualification NUPA/ISTP/2025/031 and named in Appendix 1 to this Volume are eligible to submit a Proposal. A Proposal received from any other person shall be rejected without evaluation.,Only Bidders prequalified under Request for Qualification NUPA/ISTP/2025/031 and named in Appendix 1 to this Volume are eligible to submit a Proposal.,VOL-I 1.4 p2,VOL-I 1.4 p2,pass_fail,Bid management,Bid manager,"none: an eligibility status (prequalified and named in Appendix 1), not a document; the Bidder submits in its prequalified name",ACTIVE,ACTIVE,ACTIVE,ACTIVE,VOL-I 1.4 p2,VOL-I 1.4 p2,VOL-I 1.4 p2,VOL-I 1.4 p2,"rejection: ""A Proposal received from any other person shall be rejected without evaluation.""",VOL-I 1.4 p2,,"high: verbatim; the Bidder's identity is an assumption, not a fact from the pack",n/a (text layer),proposed (not reviewed),n/a,VOL-I:1.4 (VOL-I p2; text layer),I-BIDDER-FACTS,
VOL-I-3.3-01,proposed (existing row; not changed by this run; not reviewed),VOL-I:3.3,clarification; conflicts,"Raise any conflict, ambiguity or discrepancy found in the RFP Documents as a clarification request under Section 5","A Bidder that identifies a conflict, ambiguity or discrepancy shall raise it as a request for clarification under Section 5. A Bidder that resolves such a conflict unilaterally does so at its own risk, and the Authority shall not be bound by the Bidder's interpretation.","A Bidder that identifies a conflict, ambiguity or discrepancy shall raise it as a request for clarification under Section 5. A Bidder that resolves such a conflict unilaterally does so at its own risk, and the Authority shall not be bound by the Bidder's interpretation.","A Bidder that identifies a conflict, ambiguity or discrepancy shall raise it as a request for clarification under Section 5.",VOL-I 3.3 p2,VOL-I 3.3 p2,procedural,Bid management,Bid manager,EV-CLARIFICATIONS,ACTIVE,ACTIVE,ACTIVE,ACTIVE,VOL-I 3.3 p2,VOL-I 3.3 p2,VOL-I 3.3 p2,VOL-I 3.3 p2,"lesser consequence: ""A Bidder that resolves such a conflict unilaterally does so at its own risk, and the Authority shall not be bound by the Bidder's interpretation.""",VOL-I 3.3 p2,,high: verbatim; the consequence ('at its own risk') is stated in the same clause,n/a (text layer),proposed (not reviewed),n/a,VOL-I:3.3 (VOL-I p2; text layer),I-VOL-I-ENV-B; I-VOL-I-ENV-A-PRICES; I-CONCESSION,
VOL-I-3.4-01,proposed (existing row; not changed by this run; not reviewed),VOL-I:3.4,clarification; completeness; deadline,Check the completeness of the RFP Documents downloaded from the Portal; omission claims are not entertained after the Proposal Due Date and time as amended (a cut-off separate from the VOL-I 5.2 clarification deadline),Bidders shall satisfy themselves as to the completeness of the RFP Documents downloaded from the Portal. No claim arising from an alleged omission shall be entertained after the Proposal Due Date.,Bidders shall satisfy themselves as to the completeness of the RFP Documents downloaded from the Portal. No claim arising from an alleged omission shall be entertained after the Proposal Due Date.,Bidders shall satisfy themselves as to the completeness of the RFP Documents downloaded from the Portal.,VOL-I 3.4 p3,VOL-I 3.4 p3,procedural,Bid management,Bid manager,EV-CLARIFICATIONS,ACTIVE,ACTIVE,ACTIVE,ACTIVE,VOL-I 3.4 p3,VOL-I 3.4 p3,VOL-I 3.4 p3,VOL-I 3.4 p3,"lesser consequence: ""No claim arising from an alleged omission shall be entertained after the Proposal Due Date.""",VOL-I 3.4 p3,OMISSION-CLAIM-CUTOFF: 2026-11-26 (as_stated),medium: verbatim; the cut-off moves with the PDD but this clause is not named in ADD-01 §2.2 (non-exhaustive list),n/a (text layer),proposed (not reviewed),n/a,VOL-I:3.4 (VOL-I p3; text layer),I-VOL-III,
VOL-I-4.1-01,proposed (existing row; not changed by this run; not reviewed),VOL-I:4.1,communications; conduct,"Make all communications with the Authority through the Portal, in English unless Volume I expressly requires Arabic","All communications between a Bidder and the Authority shall be made exclusively through the Portal and shall be in the English language, save where this Volume expressly requires Arabic.","All communications between a Bidder and the Authority shall be made exclusively through the Portal and shall be in the English language, save where this Volume expressly requires Arabic.","All communications between a Bidder and the Authority shall be made exclusively through the Portal and shall be in the English language, save where this Volume expressly requires Arabic.",VOL-I 4.1 p3,VOL-I 4.1 p3,procedural,Bid management,Bid manager,none: a rule on how every communication is made; no deliverable of its own,ACTIVE,ACTIVE,ACTIVE,ACTIVE,VOL-I 4.1 p3,VOL-I 4.1 p3,VOL-I 4.1 p3,VOL-I 4.1 p3,none stated in the documents,,,high: verbatim; no consequence stated (a procedural rule),n/a (text layer),proposed (not reviewed),n/a,VOL-I:4.1 (VOL-I p3; text layer),,
VOL-I-4.2-01,proposed (existing row; not changed by this run; not reviewed),VOL-I:4.2,communications; conduct; blackout,"Blackout: no contact with the Authority's board, staff, consultants or advisors about the Project other than through the Portal, until the PBN","From the date of issue of this Volume until the issue of the Preferred Bidder Notification, no Bidder, and no person acting for a Bidder, shall contact any board member, officer, employee, consultant or advisor of the Authority in relation to the Project other than through the Portal. Breach of this Clause shall result in the disqualification of the Bidder.","From the date of issue of this Volume until the issue of the Preferred Bidder Notification, no Bidder, and no person acting for a Bidder, shall contact any board member, officer, employee, consultant or advisor of the Authority in relation to the Project other than through the Portal. Breach of this Clause shall result in the disqualification of the Bidder.","no Bidder, and no person acting for a Bidder, shall contact any board member, officer, employee, consultant or advisor of the Authority in relation to the Project other than through the Portal",VOL-I 4.2 p3,VOL-I 4.2 p3,procedural,Bid management,Bid manager,none: a conduct rule binding the Bidder and anyone acting for it; nothing to submit,ACTIVE,ACTIVE,ACTIVE,ACTIVE,VOL-I 4.2 p3,VOL-I 4.2 p3,VOL-I 4.2 p3,VOL-I 4.2 p3,"disqualification: ""Breach of this Clause shall result in the disqualification of the Bidder.""",VOL-I 4.2 p3,BLACKOUT-START: 2026-09-14 (as_stated); BLACKOUT-END: None (unknown_anchor),high: verbatim; the window's end date depends on an event not yet known,n/a (text layer),proposed (not reviewed),n/a,VOL-I:4.2 (VOL-I p3; text layer),,
VOL-I-4.3-01,proposed (existing row; not changed by this run; not reviewed),VOL-I:4.3,communications,Nominate a single point of contact and notify the Authority of any change within two Working Days,Each Bidder shall nominate a single point of contact and shall notify the Authority of any change within two (2) Working Days.,Each Bidder shall nominate a single point of contact and shall notify the Authority of any change within two (2) Working Days.,Each Bidder shall nominate a single point of contact and shall notify the Authority of any change within two (2) Working Days.,VOL-I 4.3 p3,VOL-I 4.3 p3,procedural,Bid management,Bid manager,EV-SPOC,ACTIVE,ACTIVE,ACTIVE,ACTIVE,VOL-I 4.3 p3,VOL-I 4.3 p3,VOL-I 4.3 p3,VOL-I 4.3 p3,none stated in the documents,,SPOC-CHANGE-NOTICE: None (unknown_anchor),"high: verbatim; the period runs from a change (an event), and forward Working Day counting is not defined",n/a (text layer),proposed (not reviewed),n/a,VOL-I:4.3 (VOL-I p3; text layer),,
VOL-I-5.1-01,proposed (existing row; not changed by this run; not reviewed),VOL-I:5.1,clarification,"Submit clarification requests through the Portal, each citing the Volume, Clause and page it relates to","A Bidder may submit requests for clarification of the RFP Documents through the Portal. Each request shall cite the Volume, Clause and page to which it relates.","A Bidder may submit requests for clarification of the RFP Documents through the Portal. Each request shall cite the Volume, Clause and page to which it relates.","Each request shall cite the Volume, Clause and page to which it relates.",VOL-I 5.1 p3,VOL-I 5.1 p3,procedural,Bid management,Bid manager,EV-CLARIFICATIONS,ACTIVE,ACTIVE,ACTIVE,ACTIVE,VOL-I 5.1 p3,VOL-I 5.1 p3,VOL-I 5.1 p3,VOL-I 5.1 p3,none stated in the documents,,,high: verbatim; no consequence stated (a procedural rule),n/a (text layer),proposed (not reviewed),n/a,VOL-I:5.1 (VOL-I p3; text layer),,
VOL-I-5.5-01,proposed (existing row; not changed by this run; not reviewed),VOL-I:5.5,site; risk,The Bidder must satisfy itself as to site conditions; attending the site visit is optional and does not relieve it of this,A site visit will be offered on the day following the Pre-Bid Conference. Attendance at the site visit is optional and does not relieve a Bidder of its obligation to satisfy itself as to site conditions.,A site visit will be offered on the day following the Pre-Bid Conference. Attendance at the site visit is optional and does not relieve a Bidder of its obligation to satisfy itself as to site conditions.,Attendance at the site visit is optional and does not relieve a Bidder of its obligation to satisfy itself as to site conditions.,VOL-I 5.5 p3,VOL-I 5.5 p3,procedural,Technical,Technical lead,none: a risk the Bidder carries; the site visit (the day after the Pre-Bid Conference) was optional,ACTIVE,ACTIVE,ACTIVE,ACTIVE,VOL-I 5.5 p3,VOL-I 5.5 p3,VOL-I 5.5 p3,VOL-I 5.5 p3,none stated in the documents,,,medium: the clause refers to the obligation rather than stating it; no consequence stated,n/a (text layer),proposed (not reviewed),n/a,VOL-I:5.5 (VOL-I p3; text layer),I-VOL-III,
VOL-I-6.2-01,proposed (existing row; not changed by this run; not reviewed),VOL-I:6.2,bid_submission; envelopes,"Submit the Proposal in two separately sealed, clearly marked envelopes: A (Technical Proposal) and B (Commercial Proposal)","Each Proposal shall be submitted in two separately sealed and clearly marked envelopes: Envelope A (Technical Proposal) and Envelope B (Commercial Proposal). The appearance of any price, rate, or other commercial information within Envelope A shall render the Proposal non-responsive.","Each Proposal shall be submitted in two separately sealed and clearly marked envelopes: Envelope A (Technical Proposal) and Envelope B (Commercial Proposal). The appearance of any price, rate, or other commercial information within Envelope A shall render the Proposal non-responsive.",Each Proposal shall be submitted in two separately sealed and clearly marked envelopes: Envelope A (Technical Proposal) and Envelope B (Commercial Proposal).,VOL-I 6.2 p3,VOL-I 6.2 p3,pass_fail,Bid management,Bid manager,EV-DELIVERY,ACTIVE,ACTIVE,ACTIVE,ACTIVE,VOL-I 6.2 p3,VOL-I 6.2 p3,VOL-I 6.2 p3,VOL-I 6.2 p3,none stated in the documents,,,high: verbatim; no consequence stated for the envelopes themselves,n/a (text layer),proposed (not reviewed),n/a,VOL-I:6.2 (VOL-I p3; text layer),I-NO-CONSEQUENCE,
VOL-I-6.2-02,proposed (existing row; not changed by this run; not reviewed),VOL-I:6.2,envelope_A; commercial_separation,"No price, rate or other commercial information anywhere in Envelope A","Each Proposal shall be submitted in two separately sealed and clearly marked envelopes: Envelope A (Technical Proposal) and Envelope B (Commercial Proposal). The appearance of any price, rate, or other commercial information within Envelope A shall render the Proposal non-responsive.","Each Proposal shall be submitted in two separately sealed and clearly marked envelopes: Envelope A (Technical Proposal) and Envelope B (Commercial Proposal). The appearance of any price, rate, or other commercial information within Envelope A shall render the Proposal non-responsive.","The appearance of any price, rate, or other commercial information within Envelope A",VOL-I 6.2 p3,VOL-I 6.2 p3,pass_fail,Commercial,Commercial lead,"none: a check on the content of every Envelope A document, not a deliverable of its own",ACTIVE,ACTIVE,ACTIVE,ACTIVE,VOL-I 6.2 p3,VOL-I 6.2 p3,VOL-I 6.2 p3,VOL-I 6.2 p3,"non-responsive: ""The appearance of any price, rate, or other commercial information within Envelope A shall render the Proposal non-responsive.""",VOL-I 6.2 p3,,medium: verbatim consequence; the scope of 'other commercial information' is not defined and Form 4-B conflicts,n/a (text layer),proposed (not reviewed),n/a,VOL-I:6.2 (VOL-I p3; text layer),I-VOL-I-ENV-A-PRICES,
VOL-I-6.5-01,proposed (existing row; not changed by this run; not reviewed),VOL-I:6.5,bid_submission; copies,"Submit one marked original, three hard copies and one searchable electronic copy on encrypted USB media","Each Proposal shall be submitted as one (1) marked original, three (3) hard copies, and one (1) searchable electronic copy on encrypted USB media. Electronic files shall be named strictly in accordance with the convention at Appendix 2. A Proposal whose electronic copy materially differs from the marked original shall be evaluated on the basis of the marked original.","Each Proposal shall be submitted as one (1) marked original, three (3) hard copies, and one (1) searchable electronic copy on encrypted USB media. Electronic files shall be named strictly in accordance with the convention at Appendix 2. A Proposal whose electronic copy materially differs from the marked original shall be evaluated on the basis of the marked original.","Each Proposal shall be submitted as one (1) marked original, three (3) hard copies, and one (1) searchable electronic copy on encrypted USB media.",VOL-I 6.5 p3,VOL-I 6.5 p3,pass_fail,Bid management,Bid manager,EV-COPIES,ACTIVE,ACTIVE,ACTIVE,ACTIVE,VOL-I 6.5 p3,VOL-I 6.5 p3,VOL-I 6.5 p3,VOL-I 6.5 p3,none stated in the documents,,,medium: verbatim; whether the copies are per envelope or per Proposal is not stated; no consequence stated,n/a (text layer),proposed (not reviewed),n/a,VOL-I:6.5 (VOL-I p3; text layer),I-NO-CONSEQUENCE; I-VOL-I-COPIES,
VOL-I-6.5-02,proposed (existing row; not changed by this run; not reviewed),VOL-I:6.5,bid_submission; electronic_copy; file_naming,"Name electronic files per the Appendix 2 convention (pattern, folder depth up to 3 levels, names up to 120 characters)","[VOL-I 6.5 p3] Each Proposal shall be submitted as one (1) marked original, three (3) hard copies, and one (1) searchable electronic copy on encrypted USB media. Electronic files shall be named strictly in accordance with the convention at Appendix 2. A Proposal whose electronic copy materially differs from the marked original shall be evaluated on the basis of the marked original.
[VOL-I App2/para1 p7] Files shall be named: ISTP2026-014_[BIDDER]_[ENV]_[VOL]_[NN]_[YYYYMMDD].pdf where [ENV] is A or B, [VOL] is the volume or form reference, and [NN] is a two-digit sequence. Folder depth shall not exceed three levels. File names shall not exceed 120 characters. Non-conforming file names will be corrected by the Authority at the Bidder's risk.","[VOL-I 6.5 p3] Each Proposal shall be submitted as one (1) marked original, three (3) hard copies, and one (1) searchable electronic copy on encrypted USB media. Electronic files shall be named strictly in accordance with the convention at Appendix 2. A Proposal whose electronic copy materially differs from the marked original shall be evaluated on the basis of the marked original.
[VOL-I App2/para1 p7] Files shall be named: ISTP2026-014_[BIDDER]_[ENV]_[VOL]_[NN]_[YYYYMMDD].pdf where [ENV] is A or B, [VOL] is the volume or form reference, and [NN] is a two-digit sequence. Folder depth shall not exceed three levels. File names shall not exceed 120 characters. Non-conforming file names will be corrected by the Authority at the Bidder's risk.",Electronic files shall be named strictly in accordance with the convention at Appendix 2.,VOL-I 6.5 p3,VOL-I 6.5 p3; VOL-I App2/para1 p7,procedural,Bid management,Bid manager,EV-COPIES,ACTIVE,ACTIVE,ACTIVE,ACTIVE,VOL-I 6.5 p3,VOL-I 6.5 p3,VOL-I 6.5 p3,VOL-I 6.5 p3,"lesser consequence: ""Non-conforming file names will be corrected by the Authority at the Bidder's risk.""",VOL-I App2/para1 p7,,medium: verbatim; the '.pdf' pattern cannot fit the Excel Financial Model and [YYYYMMDD] is not explained,n/a (text layer),proposed (not reviewed),n/a,VOL-I:6.5 (VOL-I p3; text layer); VOL-I:App2/para1 (VOL-I p7; text layer),I-VOL-I-FILE-NAMES,
VOL-I-6.7-01,proposed (existing row; not changed by this run; not reviewed),VOL-I:6.7,bid_submission; deadline,A withdrawal or modification of the Proposal may be made by written notice through the Portal at any time before the Proposal Due Date; no modification will be accepted thereafter,A Bidder may withdraw or modify its Proposal at any time before the Proposal Due Date by written notice through the Portal. No modification will be accepted thereafter.,A Bidder may withdraw or modify its Proposal at any time before the Proposal Due Date by written notice through the Portal. No modification will be accepted thereafter.,A Bidder may withdraw or modify its Proposal at any time before the Proposal Due Date by written notice through the Portal.,VOL-I 6.7 p3,VOL-I 6.7 p3,procedural,Bid management,Bid manager,none: an option: arises only if the Bidder withdraws or modifies its Proposal,ACTIVE,ACTIVE,ACTIVE,ACTIVE,VOL-I 6.7 p3,VOL-I 6.7 p3,VOL-I 6.7 p3,VOL-I 6.7 p3,"lesser consequence: ""No modification will be accepted thereafter.""",VOL-I 6.7 p3,MODIFY-CUTOFF: 2026-11-26 (as_stated),high: verbatim; the cut-off moves with the PDD although ADD-01 §2.2 does not name this clause,n/a (text layer),proposed (not reviewed),n/a,VOL-I:6.7 (VOL-I p3; text layer),,
VOL-I-7.2-01,proposed (existing row; not changed by this run; not reviewed),VOL-I:7.2,validity; bid_security,"If the Bidder agrees to an Authority request to extend validity, procure a corresponding extension of its Bid Bond","The Authority may, before expiry of the validity period, request Bidders to extend validity. A Bidder may refuse without forfeiting its Bid Bond; a Bidder that agrees shall procure a corresponding extension of its Bid Bond.","The Authority may, before expiry of the validity period, request Bidders to extend validity. A Bidder may refuse without forfeiting its Bid Bond; a Bidder that agrees shall procure a corresponding extension of its Bid Bond.",a Bidder that agrees shall procure a corresponding extension of its Bid Bond,VOL-I 7.2 p4,VOL-I 7.2 p4,procedural,Commercial,Commercial lead,none: conditional: arises only if the Authority requests an extension and the Bidder agrees (refusal is allowed),ACTIVE,ACTIVE,ACTIVE,ACTIVE,VOL-I 7.2 p4,VOL-I 7.2 p4,VOL-I 7.2 p4,VOL-I 7.2 p4,none stated in the documents,,,high: verbatim; no consequence stated for failing to procure the extension,n/a (text layer),proposed (not reviewed),n/a,VOL-I:7.2 (VOL-I p4; text layer),,
VOL-I-8.1-01,UNRESOLVED: cites a unit an unresolved provision of ADD-03 names,VOL-I:8.1,qualification; consortium,"Bid as the prequalified entity or consortium; no change to composition, shareholding or lead member without the Authority's prior written consent","A Bidder shall be either a single entity or a consortium, in each case prequalified under the RFQ. No change to the composition, shareholding or lead member of a prequalified consortium shall be effective without the prior written consent of the Authority. An unapproved change shall result in rejection of the Proposal.","A Bidder shall be either a single entity or a consortium, in each case prequalified under the RFQ. No change to the composition, shareholding or lead member of a prequalified consortium shall be effective without the prior written consent of the Authority. An unapproved change shall result in rejection of the Proposal.","No change to the composition, shareholding or lead member of a prequalified consortium shall be effective without the prior written consent of the Authority.",VOL-I 8.1 p4,VOL-I 8.1 p4,pass_fail,Legal,Legal counsel,none: a status (the consortium as prequalified); the Authority's written consent is needed only before any change,ACTIVE,ACTIVE,ACTIVE,ACTIVE,VOL-I 8.1 p4,VOL-I 8.1 p4,VOL-I 8.1 p4,VOL-I 8.1 p4,"rejection: ""An unapproved change shall result in rejection of the Proposal.""",VOL-I 8.1 p4,,high: verbatim; the consortium's composition is a bidder fact,n/a (text layer),proposed (not reviewed),n/a,VOL-I:8.1 (VOL-I p4; text layer),I-BIDDER-FACTS,
VOL-I-8.2-01,proposed (existing row; not changed by this run; not reviewed),VOL-I:8.2,qualification; conduct; multiple_participation,No firm or affiliate of a member may participate in more than one Proposal,"No firm, and no affiliate of a firm, shall participate in more than one Proposal. Participation in more than one Proposal shall cause every Proposal in which that firm or affiliate participates to be rejected.","No firm, and no affiliate of a firm, shall participate in more than one Proposal. Participation in more than one Proposal shall cause every Proposal in which that firm or affiliate participates to be rejected.","No firm, and no affiliate of a firm, shall participate in more than one Proposal.",VOL-I 8.2 p4,VOL-I 8.2 p4,pass_fail,Legal,Legal counsel,EV-FORM-4C,ACTIVE,ACTIVE,ACTIVE,ACTIVE,VOL-I 8.2 p4,VOL-I 8.2 p4,VOL-I 8.2 p4,VOL-I 8.2 p4,"rejection: ""Participation in more than one Proposal shall cause every Proposal in which that firm or affiliate participates to be rejected.""",VOL-I 8.2 p4,,high: verbatim; 'affiliate' is not defined,n/a (text layer),proposed (not reviewed),n/a,VOL-I:8.2 (VOL-I p4; text layer),I-BIDDER-FACTS,"<- REL-MEMBER-MULTIPLE-PARTICIPATION [confirmed member_scope] from VOL-I:8.1, words:member of the Bidder, words:consortium member, words:member of the consortium"
VOL-I-8.4-01,proposed (existing row; not changed by this run; not reviewed),VOL-I:8.4,qualification; financial; envelope_A,"Combined tangible net worth (weighted by shareholding) of at least SAR 800,000,000 per the most recent audited statements","The Bidder shall demonstrate, on a combined basis across consortium members weighted by shareholding, (a) a consolidated tangible net worth of not less than SAR 800,000,000 as at the most recent audited financial statements, and (b) an average annual turnover over the last three (3) audited financial years of not less than SAR 1,200,000,000.","The Bidder shall demonstrate, on a combined basis across consortium members weighted by shareholding, (a) a consolidated tangible net worth of not less than SAR 800,000,000 as at the most recent audited financial statements, and (b) an average annual turnover over the last three (3) audited financial years of not less than SAR 1,200,000,000.","(a) a consolidated tangible net worth of not less than SAR 800,000,000 as at the most recent audited financial statements",VOL-I 8.4 p4,VOL-I 8.4 p4,pass_fail,Finance,Financial modeller,EV-FIN-STANDING,ACTIVE,ACTIVE,ACTIVE,ACTIVE,VOL-I 8.4 p4,VOL-I 8.4 p4,VOL-I 8.4 p4,VOL-I 8.4 p4,none stated in the documents,,,medium: verbatim; how the shareholding weighting is applied and which statements count as most recent are not stated,n/a (text layer),proposed (not reviewed),n/a,VOL-I:8.4 (VOL-I p4; text layer),I-NO-CONSEQUENCE; I-BIDDER-FACTS,"<- REL-MEMBER-FIN-STANDING [confirmed member_scope] from VOL-I:8.1, words:member of the Bidder, words:consortium member, words:member of the consortium"
VOL-I-8.4-02,proposed (existing row; not changed by this run; not reviewed),VOL-I:8.4,qualification; financial; envelope_A,"Combined average annual turnover (weighted by shareholding) over the last three audited years of at least SAR 1,200,000,000","The Bidder shall demonstrate, on a combined basis across consortium members weighted by shareholding, (a) a consolidated tangible net worth of not less than SAR 800,000,000 as at the most recent audited financial statements, and (b) an average annual turnover over the last three (3) audited financial years of not less than SAR 1,200,000,000.","The Bidder shall demonstrate, on a combined basis across consortium members weighted by shareholding, (a) a consolidated tangible net worth of not less than SAR 800,000,000 as at the most recent audited financial statements, and (b) an average annual turnover over the last three (3) audited financial years of not less than SAR 1,200,000,000.","(b) an average annual turnover over the last three (3) audited financial years of not less than SAR 1,200,000,000",VOL-I 8.4 p4,VOL-I 8.4 p4,pass_fail,Finance,Financial modeller,EV-FIN-STANDING,ACTIVE,ACTIVE,ACTIVE,ACTIVE,VOL-I 8.4 p4,VOL-I 8.4 p4,VOL-I 8.4 p4,VOL-I 8.4 p4,none stated in the documents,,,medium: verbatim; how the shareholding weighting is applied is not stated,n/a (text layer),proposed (not reviewed),n/a,VOL-I:8.4 (VOL-I p4; text layer),I-NO-CONSEQUENCE; I-BIDDER-FACTS,"<- REL-MEMBER-FIN-STANDING [confirmed member_scope] from VOL-I:8.1, words:member of the Bidder, words:consortium member, words:member of the consortium"
VOL-I-8.7-01,proposed (existing row; not changed by this run; not reviewed),VOL-I:8.7,qualification; guarantee; envelope_A,"Executed Parent Company Guarantee from the EPC Contractor's ultimate parent, substantially in Form 4-D, unconditional for the construction period","[VOL-I 8.7 p4] The Bidder shall submit an executed Parent Company Guarantee from the ultimate parent company of the proposed EPC Contractor, substantially in the form set out in Form 4-D, unconditional as to the EPC Contractor's obligations during the construction period.
[VOL-I 9.1(d) p4] (d) Form 4-D — Parent Company Guarantee (executed);","[VOL-I 8.7 p4] The Bidder shall submit an executed Parent Company Guarantee from the ultimate parent company of the proposed EPC Contractor, substantially in the form set out in Form 4-D, unconditional as to the EPC Contractor's obligations during the construction period.
[VOL-I 9.1(d) p4] (d) Form 4-D — Parent Company Guarantee (executed);","The Bidder shall submit an executed Parent Company Guarantee from the ultimate parent company of the proposed EPC Contractor, substantially in the form set out in Form 4-D",VOL-I 8.7 p4,VOL-I 8.7 p4; VOL-I 9.1(d) p4,pass_fail,Legal,Legal counsel,EV-FORM-4D,ACTIVE,ACTIVE,ACTIVE,ACTIVE,VOL-I 8.7 p4,VOL-I 8.7 p4,VOL-I 8.7 p4,VOL-I 8.7 p4,none stated in the documents,,,high: verbatim; confirmed by ADD-02 Q10 (no consequence stated),n/a (text layer),proposed (not reviewed),n/a,VOL-I:8.7 (VOL-I p4; text layer); VOL-I:9.1(d) (VOL-I p4; text layer),I-NO-CONSEQUENCE,
VOL-I-8.8-01,UNRESOLVED: cites a unit an unresolved provision of ADD-03 names,VOL-I:8.8,qualification; operations; envelope_A,"O&M Operator: at least five years' continuous operation of a wastewater treatment facility of at least 50,000 m3/day","The proposed O&M Operator shall evidence not less than five (5) years of continuous operation of at least one (1) wastewater treatment facility of nominal capacity not less than 50,000 m³/day.","The proposed O&M Operator shall evidence not less than five (5) years of continuous operation of at least one (1) wastewater treatment facility of nominal capacity not less than 50,000 m³/day.","shall evidence not less than five (5) years of continuous operation of at least one (1) wastewater treatment facility of nominal capacity not less than 50,000",VOL-I 8.8 p4,VOL-I 8.8 p4,pass_fail,Operations,O&M lead,EV-OM-EXPERIENCE,ACTIVE,ACTIVE,ACTIVE,ACTIVE,VOL-I 8.8 p4,VOL-I 8.8 p4,VOL-I 8.8 p4,VOL-I 8.8 p4,none stated in the documents,,,high: verbatim; no consequence stated; the period's end date is not stated,n/a (text layer),proposed (not reviewed),n/a,VOL-I:8.8 (VOL-I p4; text layer),I-NO-CONSEQUENCE; I-BIDDER-FACTS,
VOL-I-8.9-01,proposed (existing row; not changed by this run; not reviewed),VOL-I:8.9,qualification; licensing; envelope_A,"For each foreign member: a current investment licence, or a signed undertaking to obtain one before Financial Close","The Bidder shall submit either evidence of a current investment licence for each foreign consortium member, or a signed undertaking to obtain such licence prior to Financial Close.","The Bidder shall submit either evidence of a current investment licence for each foreign consortium member, or a signed undertaking to obtain such licence prior to Financial Close.","The Bidder shall submit either evidence of a current investment licence for each foreign consortium member, or a signed undertaking to obtain such licence prior to Financial Close.",VOL-I 8.9 p4,VOL-I 8.9 p4,pass_fail,Legal,Legal counsel,EV-INVESTMENT-LICENCE,ACTIVE,ACTIVE,ACTIVE,ACTIVE,VOL-I 8.9 p4,VOL-I 8.9 p4,VOL-I 8.9 p4,VOL-I 8.9 p4,none stated in the documents,,INVESTMENT-LICENCE-BY-FC: None (unknown_anchor),high: verbatim; which members are foreign is a bidder fact; no consequence stated,n/a (text layer),proposed (not reviewed),n/a,VOL-I:8.9 (VOL-I p4; text layer),I-NO-CONSEQUENCE; I-BIDDER-FACTS,"<- REL-MEMBER-INVESTMENT-LICENCE [confirmed member_scope] from VOL-I:8.1, words:member of the Bidder, words:consortium member, words:member of the consortium"
VOL-I-8.10-01,proposed (existing row; not changed by this run; not reviewed),VOL-I:8.10,qualification; debarment; envelope_A,No member debarred by a public authority in the Kingdom now or in the preceding five years; declared in Form 4-C,"No member of the Bidder shall be the subject of, or have been the subject of within the preceding five (5) years, any debarment by a public authority in the Kingdom. A declaration to this effect shall be given in Form 4-C.","No member of the Bidder shall be the subject of, or have been the subject of within the preceding five (5) years, any debarment by a public authority in the Kingdom. A declaration to this effect shall be given in Form 4-C.","No member of the Bidder shall be the subject of, or have been the subject of within the preceding five (5) years, any debarment by a public authority in the Kingdom.",VOL-I 8.10 p4,VOL-I 8.10 p4,pass_fail,Legal,Legal counsel,EV-FORM-4C,ACTIVE,ACTIVE,ACTIVE,ACTIVE,VOL-I 8.10 p4,VOL-I 8.10 p4,VOL-I 8.10 p4,VOL-I 8.10 p4,none stated in the documents,,DEBARMENT-LOOKBACK: None (unknown_anchor),medium: verbatim; the look-back's reference date is not stated; no consequence stated in this clause,n/a (text layer),proposed (not reviewed),n/a,VOL-I:8.10 (VOL-I p4; text layer),I-NO-CONSEQUENCE; I-BIDDER-FACTS,"<- REL-MEMBER-DEBARMENT [confirmed member_scope] from VOL-I:8.1, words:member of the Bidder, words:consortium member, words:member of the consortium"
VOL-I-9.1-01,proposed (existing row; not changed by this run; not reviewed),VOL-I:9.1,envelope_A; order,"Envelope A contains items (a) to (i) in the stated order, separated by numbered dividers","[VOL-I 9.1 p4] Envelope A shall contain, in the following order and separated by numbered dividers:
[VOL-I 9.1(a) p4] (a) Form 4-A — Proposal Submission Letter;
[VOL-I 9.1(b) p4] (b) Form 4-B — Reference Projects Schedule (one per reference project);
[VOL-I 9.1(c) p4] (c) Form 4-C — Conflict of Interest and Debarment Declaration;
[VOL-I 9.1(d) p4] (d) Form 4-D — Parent Company Guarantee (executed);
[VOL-I 9.1(e) p4] (e) Form 4-E — Schedule of Deviations;
[VOL-I 9.1(f) p4] (f) the Technical Proposal narrative;
[VOL-I 9.1(g) p4] (g) the Bid Bond;
[VOL-I 9.1(h) p4] (h) notarised Powers of Attorney for each signatory;
[VOL-I 9.1(i) p4] (i) the certificates and evidence required under Section 8.","[VOL-I 9.1 p4] Envelope A shall contain, in the following order and separated by numbered dividers:
[VOL-I 9.1(a) p4] (a) Form 4-A — Proposal Submission Letter;
[VOL-I 9.1(b) p4] (b) Form 4-B — Reference Projects Schedule (one per reference project);
[VOL-I 9.1(c) p4] (c) Form 4-C — Conflict of Interest and Debarment Declaration;
[VOL-I 9.1(d) p4] (d) Form 4-D — Parent Company Guarantee (executed);
[VOL-I 9.1(e) p4] (e) Form 4-E — Schedule of Deviations;
[VOL-I 9.1(f) p4] (f) the Technical Proposal narrative;
[VOL-I 9.1(g) p4] (g) the Bid Bond;
[VOL-I 9.1(h) p4] (h) notarised Powers of Attorney for each signatory;
[VOL-I 9.1(i) p4] (i) the certificates and evidence required under Section 8.","Envelope A shall contain, in the following order and separated by numbered dividers",VOL-I 9.1 p4,VOL-I 9.1 p4; VOL-I 9.1(a) p4; VOL-I 9.1(b) p4; VOL-I 9.1(c) p4; VOL-I 9.1(d) p4; VOL-I 9.1(e) p4; VOL-I 9.1(f) p4; VOL-I 9.1(g) p4; VOL-I 9.1(h) p4; VOL-I 9.1(i) p4,pass_fail,Bid management,Bid manager,EV-DELIVERY,ACTIVE,ACTIVE,ACTIVE,ACTIVE,VOL-I 9.1 p4,VOL-I 9.1 p4,VOL-I 9.1 p4,VOL-I 9.1 p4,none stated in the documents,,,medium: verbatim; no consequence stated; the lettering after ADD-02's insertion is not stated,n/a (text layer),proposed (not reviewed),n/a,VOL-I:9.1 (VOL-I p4; text layer); VOL-I:9.1(a) (VOL-I p4; text layer); VOL-I:9.1(b) (VOL-I p4; text layer); VOL-I:9.1(c) (VOL-I p4; text layer); VOL-I:9.1(d) (VOL-I p4; text layer); VOL-I:9.1(e) (VOL-I p4; text layer); VOL-I:9.1(f) (VOL-I p4; text layer); VOL-I:9.1(g) (VOL-I p4; text layer); VOL-I:9.1(h) (VOL-I p4; text layer); VOL-I:9.1(i) (VOL-I p4; text layer),I-NO-CONSEQUENCE; I-F4G-LETTERING,
VOL-I-9.1h-01,proposed (existing row; not changed by this run; not reviewed),VOL-I:9.1,envelope_A; authority_to_sign,Include a notarised Power of Attorney for each signatory in Envelope A,(h) notarised Powers of Attorney for each signatory;,(h) notarised Powers of Attorney for each signatory;,notarised Powers of Attorney for each signatory,VOL-I 9.1(h) p4,VOL-I 9.1(h) p4,pass_fail,Legal,Legal counsel,EV-POA,ACTIVE,ACTIVE,ACTIVE,ACTIVE,VOL-I 9.1(h) p4,VOL-I 9.1(h) p4,VOL-I 9.1(h) p4,VOL-I 9.1(h) p4,none stated in the documents,,,medium: verbatim list item; 'each signatory' is not defined; no consequence stated,n/a (text layer),proposed (not reviewed),n/a,VOL-I:9.1(h) (VOL-I p4; text layer),I-NO-CONSEQUENCE; I-BIDDER-FACTS,
VOL-I-9.2-01,proposed (existing row; not changed by this run; not reviewed),VOL-I:9.2,envelope_A; technical_proposal; page_limit,Technical Proposal narrative within the A4 page limit (Form Sheets and Volume II-permitted appendices excluded),"The Technical Proposal narrative shall not exceed one hundred and twenty (120) pages of A4, excluding the Form Sheets and the appendices expressly permitted by Volume II. Pages in excess of the limit will be removed before evaluation and will not be scored.","The Technical Proposal narrative shall not exceed one hundred and fifty (150) pages of A4, excluding the Form Sheets and the appendices expressly permitted by Volume II. Pages in excess of the limit will be removed before evaluation and will not be scored.","The Technical Proposal narrative shall not exceed one hundred and fifty (150) pages of A4, excluding the Form Sheets and the appendices expressly permitted by Volume II.",VOL-I 9.2 p5 as amended by ADD-02 2.1 p1,VOL-I 9.2 p5 <- ADD-02/2.1,scored,Technical,Technical lead,EV-TECH-PROPOSAL,ACTIVE,ACTIVE,AMENDED (ADD-02/2.1),ACTIVE (as amended by ADD-02/2.1),VOL-I 9.2 p5,VOL-I 9.2 p5,VOL-I 9.2 p5 as amended by ADD-02 2.1 p1,VOL-I 9.2 p5 as amended by ADD-02 2.1 p1,"lesser consequence: ""Pages in excess of the limit will be removed before evaluation and will not be scored.""",VOL-I 9.2 p5 as amended by ADD-02 2.1 p1,,high: verbatim at every stage; the 'appendices expressly permitted by Volume II' were not found in the extract,n/a (text layer),proposed (not reviewed),ADD-02/2.1: proposed,VOL-I:9.2 (VOL-I p5; text layer); ADD-02/2.1 [ADD-02; proposed] <- ADD-02:2.1 (ADD-02 p1),I-VOL-I-APPENDICES,
VOL-I-9.5-01,proposed (existing row; not changed by this run; not reviewed),VOL-I:9.5,envelope_A; references; forms,"A separate Form 4-B for each reference project relied on under 8.5, each with a client completion certificate","[VOL-I 9.5 p5] A separate Form 4-B shall be submitted for each reference project relied upon under Clause 8.5, accompanied by a client completion certificate. A reference project not evidenced by a completion certificate will be disregarded.
[VOL-I 9.1(b) p4] (b) Form 4-B — Reference Projects Schedule (one per reference project);","[VOL-I 9.5 p5] A separate Form 4-B shall be submitted for each reference project relied upon under Clause 8.5, accompanied by a client completion certificate. A reference project not evidenced by a completion certificate will be disregarded.
[VOL-I 9.1(b) p4] (b) Form 4-B — Reference Projects Schedule (one per reference project);","A separate Form 4-B shall be submitted for each reference project relied upon under Clause 8.5, accompanied by a client completion certificate.",VOL-I 9.5 p5,VOL-I 9.5 p5; VOL-I 9.1(b) p4,pass_fail,Technical,Technical lead,EV-FORM-4B; EV-COMPLETION-CERT,ACTIVE,ACTIVE,ACTIVE,ACTIVE,VOL-I 9.5 p5,VOL-I 9.5 p5,VOL-I 9.5 p5,VOL-I 9.5 p5,"lesser consequence: ""A reference project not evidenced by a completion certificate will be disregarded.""",VOL-I 9.5 p5,,"high: verbatim; Form 4-B also asks for a contract value in SAR (Envelope A), see I-VOL-I-ENV-A-PRICES",n/a (text layer),proposed (not reviewed),n/a,VOL-I:9.5 (VOL-I p5; text layer); VOL-I:9.1(b) (VOL-I p4; text layer),I-VOL-I-ENV-A-PRICES; I-BIDDER-FACTS,
VOL-I-9.6-01,proposed (existing row; not changed by this run; not reviewed),VOL-I:9.6,envelope_A; deviations; forms,"Form 4-E lists every deviation, qualification or reservation to Volume V; never 'no deviations' with a qualification elsewhere","[VOL-I 9.6 p5] Form 4-E shall list every deviation, qualification or reservation to Volume V. A Proposal that states ‘no deviations’ in Form 4-E while containing a qualification elsewhere in the Proposal shall be treated as non-responsive.
[VOL-I 9.1(e) p4] (e) Form 4-E — Schedule of Deviations;","[VOL-I 9.6 p5] Form 4-E shall list every deviation, qualification or reservation to Volume V. A Proposal that states ‘no deviations’ in Form 4-E while containing a qualification elsewhere in the Proposal shall be treated as non-responsive.
[VOL-I 9.1(e) p4] (e) Form 4-E — Schedule of Deviations;","Form 4-E shall list every deviation, qualification or reservation to Volume V.",VOL-I 9.6 p5,VOL-I 9.6 p5; VOL-I 9.1(e) p4,pass_fail,Legal,Legal counsel,EV-FORM-4E,ACTIVE,ACTIVE,ACTIVE,ACTIVE,VOL-I 9.6 p5,VOL-I 9.6 p5,VOL-I 9.6 p5,VOL-I 9.6 p5,"non-responsive: ""A Proposal that states ‘no deviations’ in Form 4-E while containing a qualification elsewhere in the Proposal shall be treated as non-responsive.""",VOL-I 9.6 p5,,high: verbatim,n/a (text layer),proposed (not reviewed),n/a,VOL-I:9.6 (VOL-I p5; text layer); VOL-I:9.1(e) (VOL-I p4; text layer),I-CONCESSION,
VOL-I-9.7-01,proposed (existing row; not changed by this run; not reviewed),VOL-I:9.7,envelope_A; technical_proposal,Technical Proposal narrative (Envelope A item (f)) addressing at least the six listed topics,"[VOL-I 9.7 p5] The Technical Proposal shall address, as a minimum, the process design, the construction methodology and programme, the operations and maintenance philosophy, the health and safety plan, the environmental and social management approach, and the organisation and key personnel.
[VOL-I 9.1(f) p4] (f) the Technical Proposal narrative;","[VOL-I 9.7 p5] The Technical Proposal shall address, as a minimum, the process design, the construction methodology and programme, the operations and maintenance philosophy, the health and safety plan, the environmental and social management approach, and the organisation and key personnel.
[VOL-I 9.1(f) p4] (f) the Technical Proposal narrative;","The Technical Proposal shall address, as a minimum, the process design, the construction methodology and programme, the operations and maintenance philosophy, the health and safety plan, the environmental and social management approach, and the organisation and key personnel.",VOL-I 9.7 p5,VOL-I 9.7 p5; VOL-I 9.1(f) p4,pass_fail,Technical,Technical lead,EV-TECH-PROPOSAL,ACTIVE,ACTIVE,ACTIVE,ACTIVE,VOL-I 9.7 p5,VOL-I 9.7 p5,VOL-I 9.7 p5,VOL-I 9.7 p5,none stated in the documents,,,high: verbatim; no consequence stated for a missing topic,n/a (text layer),proposed (not reviewed),n/a,VOL-I:9.7 (VOL-I p5; text layer); VOL-I:9.1(f) (VOL-I p4; text layer),I-NO-CONSEQUENCE,
VOL-I-10.1-01,proposed (existing row; not changed by this run; not reviewed),VOL-I:10.1,envelope_B; commercial,Envelope B contains only Form 4-F and the Financial Model; no other document,Envelope B shall contain only (a) Form 4-F (Financial Proposal Schedule) and (b) the Financial Model. No other document shall be placed in Envelope B.,Envelope B shall contain only (a) Form 4-F (Financial Proposal Schedule) and (b) the Financial Model. No other document shall be placed in Envelope B.,Envelope B shall contain only (a) Form 4-F (Financial Proposal Schedule) and (b) the Financial Model. No other document shall be placed in Envelope B.,VOL-I 10.1 p5,VOL-I 10.1 p5,pass_fail,Commercial,Commercial lead,EV-FORM-4F; EV-FIN-MODEL,ACTIVE,ACTIVE,ACTIVE,ACTIVE,VOL-I 10.1 p5,VOL-I 10.1 p5,VOL-I 10.1 p5,VOL-I 10.1 p5,none stated in the documents,,,medium: verbatim; conflicts with VOL-I 10.3 and 10.6; no consequence stated,n/a (text layer),proposed (not reviewed),n/a,VOL-I:10.1 (VOL-I p5; text layer),I-NO-CONSEQUENCE; I-VOL-I-ENV-B,
VOL-I-10.2-01,proposed (existing row; not changed by this run; not reviewed),VOL-I:10.2,envelope_B; price,"Quote a single Availability Payment in SAR per annum, calculated per the Volume V Clause 29 payment mechanism","The Bidder shall quote a single Availability Payment expressed in Saudi Riyals per annum, calculated in accordance with the payment mechanism at Volume V Clause 29.","The Bidder shall quote a single Availability Payment expressed in Saudi Riyals per annum, calculated in accordance with the payment mechanism at Volume V Clause 29.","The Bidder shall quote a single Availability Payment expressed in Saudi Riyals per annum, calculated in accordance with the payment mechanism at Volume V Clause 29.",VOL-I 10.2 p5,VOL-I 10.2 p5,pass_fail,Commercial,Commercial lead,EV-FORM-4F,ACTIVE,ACTIVE,ACTIVE,ACTIVE,VOL-I 10.2 p5,VOL-I 10.2 p5,VOL-I 10.2 p5,VOL-I 10.2 p5,none stated in the documents,,,high: verbatim; no consequence stated (VOL-I 10.5 covers conditional or alternative prices),n/a (text layer),proposed (not reviewed),n/a,VOL-I:10.2 (VOL-I p5; text layer),I-NO-CONSEQUENCE,<- REL-PAY-QUOTED-PRICE [confirmed feeds_calculation] from calc:availability-payment
VOL-I-10.3-01,proposed (existing row; not changed by this run; not reviewed),VOL-I:10.3,envelope_B; financial_model,"Financial Model in unlocked, fully formula-linked Excel, with no macros and no hard-coded values in calculation cells","The Financial Model shall be submitted in unlocked, fully formula-linked Microsoft Excel format, without macros and without hard-coded values in calculation cells, and shall be accompanied by an opinion from an independent model auditor addressed to the Authority.","The Financial Model shall be submitted in unlocked, fully formula-linked Microsoft Excel format, without macros and without hard-coded values in calculation cells, and shall be accompanied by an opinion from an independent model auditor addressed to the Authority.","The Financial Model shall be submitted in unlocked, fully formula-linked Microsoft Excel format, without macros and without hard-coded values in calculation cells",VOL-I 10.3 p5,VOL-I 10.3 p5,pass_fail,Finance,Financial modeller,EV-FIN-MODEL,ACTIVE,ACTIVE,ACTIVE,ACTIVE,VOL-I 10.3 p5,VOL-I 10.3 p5,VOL-I 10.3 p5,VOL-I 10.3 p5,none stated in the documents,,,high: verbatim; no consequence stated; Appendix 2 names files '.pdf',n/a (text layer),proposed (not reviewed),n/a,VOL-I:10.3 (VOL-I p5; text layer),I-NO-CONSEQUENCE; I-VOL-I-FILE-NAMES,<- REL-PAY-FINANCIAL-MODEL [proposed depends_on] from calc:availability-payment; -> REL-MODEL-FORM-4F [confirmed feeds_calculation] to VOL-IV-F4F-02
VOL-I-10.3-02,proposed (existing row; not changed by this run; not reviewed),VOL-I:10.3,envelope_B; financial_model; model_audit,Financial Model accompanied by an independent model auditor's opinion addressed to the Authority,"The Financial Model shall be submitted in unlocked, fully formula-linked Microsoft Excel format, without macros and without hard-coded values in calculation cells, and shall be accompanied by an opinion from an independent model auditor addressed to the Authority.","The Financial Model shall be submitted in unlocked, fully formula-linked Microsoft Excel format, without macros and without hard-coded values in calculation cells, and shall be accompanied by an opinion from an independent model auditor addressed to the Authority.",shall be accompanied by an opinion from an independent model auditor addressed to the Authority,VOL-I 10.3 p5,VOL-I 10.3 p5,pass_fail,Finance,Financial modeller,EV-MODEL-AUDIT,ACTIVE,ACTIVE,ACTIVE,ACTIVE,VOL-I 10.3 p5,VOL-I 10.3 p5,VOL-I 10.3 p5,VOL-I 10.3 p5,none stated in the documents,,,medium: verbatim; conflicts with VOL-I 10.1; no consequence stated,n/a (text layer),proposed (not reviewed),n/a,VOL-I:10.3 (VOL-I p5; text layer),I-NO-CONSEQUENCE; I-VOL-I-ENV-B,
VOL-I-10.4-01,proposed (existing row; not changed by this run; not reviewed),VOL-I:10.4,envelope_B; price,All prices exclusive of VAT and stated in Saudi Riyals,All prices shall be exclusive of value added tax and shall be stated in Saudi Riyals.,All prices shall be exclusive of value added tax and shall be stated in Saudi Riyals.,All prices shall be exclusive of value added tax and shall be stated in Saudi Riyals.,VOL-I 10.4 p5,VOL-I 10.4 p5,pass_fail,Commercial,Commercial lead,EV-FORM-4F,ACTIVE,ACTIVE,ACTIVE,ACTIVE,VOL-I 10.4 p5,VOL-I 10.4 p5,VOL-I 10.4 p5,VOL-I 10.4 p5,none stated in the documents,,,high: verbatim; no consequence stated,n/a (text layer),proposed (not reviewed),n/a,VOL-I:10.4 (VOL-I p5; text layer),I-NO-CONSEQUENCE,
VOL-I-10.5-01,proposed (existing row; not changed by this run; not reviewed),VOL-I:10.5,envelope_B; price,"No conditional price, alternative price, or price subject to adjustment other than as provided in Volume V","Any conditional price, price subject to adjustment other than as provided in Volume V, or alternative price shall render the Proposal non-responsive. An alternative technical solution may be submitted only as a supplement to a fully compliant base Proposal and will be considered at the Authority's sole discretion.","Any conditional price, price subject to adjustment other than as provided in Volume V, or alternative price shall render the Proposal non-responsive. An alternative technical solution may be submitted only as a supplement to a fully compliant base Proposal and will be considered at the Authority's sole discretion.","Any conditional price, price subject to adjustment other than as provided in Volume V, or alternative price",VOL-I 10.5 p5,VOL-I 10.5 p5,pass_fail,Commercial,Commercial lead,EV-FORM-4F,ACTIVE,ACTIVE,ACTIVE,ACTIVE,VOL-I 10.5 p5,VOL-I 10.5 p5,VOL-I 10.5 p5,VOL-I 10.5 p5,"non-responsive: ""Any conditional price, price subject to adjustment other than as provided in Volume V, or alternative price shall render the Proposal non-responsive.""",VOL-I 10.5 p5,,high: verbatim,n/a (text layer),proposed (not reviewed),n/a,VOL-I:10.5 (VOL-I p5; text layer),,
VOL-I-10.5-02,proposed (existing row; not changed by this run; not reviewed),VOL-I:10.5,alternative_solution,An alternative technical solution only as a supplement to a fully compliant base Proposal (considered at the Authority's discretion),"Any conditional price, price subject to adjustment other than as provided in Volume V, or alternative price shall render the Proposal non-responsive. An alternative technical solution may be submitted only as a supplement to a fully compliant base Proposal and will be considered at the Authority's sole discretion.","Any conditional price, price subject to adjustment other than as provided in Volume V, or alternative price shall render the Proposal non-responsive. An alternative technical solution may be submitted only as a supplement to a fully compliant base Proposal and will be considered at the Authority's sole discretion.",An alternative technical solution may be submitted only as a supplement to a fully compliant base Proposal and will be considered at the Authority's sole discretion.,VOL-I 10.5 p5,VOL-I 10.5 p5,pass_fail,Technical,Technical lead,none: applies only if the Bidder offers an alternative technical solution; nothing to submit otherwise,ACTIVE,ACTIVE,ACTIVE,ACTIVE,VOL-I 10.5 p5,VOL-I 10.5 p5,VOL-I 10.5 p5,VOL-I 10.5 p5,none stated in the documents,,,medium: verbatim; what happens to an alternative submitted without a compliant base is not stated,n/a (text layer),proposed (not reviewed),n/a,VOL-I:10.5 (VOL-I p5; text layer),I-NO-CONSEQUENCE,
VOL-I-10.6-01,proposed (existing row; not changed by this run; not reviewed),VOL-I:10.6,envelope_B; financing,"With Form 4-F, a schedule of the principal financing assumptions (debt tenor, margin, gearing)","The Bidder shall submit with Form 4-F a schedule of the principal financing assumptions underlying the Availability Payment, including the assumed debt tenor, margin and gearing.","The Bidder shall submit with Form 4-F a schedule of the principal financing assumptions underlying the Availability Payment, including the assumed debt tenor, margin and gearing.","The Bidder shall submit with Form 4-F a schedule of the principal financing assumptions underlying the Availability Payment, including the assumed debt tenor, margin and gearing.",VOL-I 10.6 p5,VOL-I 10.6 p5,pass_fail,Finance,Financial modeller,EV-FIN-ASSUMPTIONS,ACTIVE,ACTIVE,ACTIVE,ACTIVE,VOL-I 10.6 p5,VOL-I 10.6 p5,VOL-I 10.6 p5,VOL-I 10.6 p5,none stated in the documents,,,medium: verbatim; conflicts with VOL-I 10.1; no consequence stated,n/a (text layer),proposed (not reviewed),n/a,VOL-I:10.6 (VOL-I p5; text layer),I-NO-CONSEQUENCE; I-VOL-I-ENV-B,<- REL-PAY-FINANCING-ASSUMPTIONS [possible depends_on] from calc:availability-payment
VOL-I-11.5-01,proposed (existing row; not changed by this run; not reviewed),VOL-I:11.5,clarification; post_submission; price,A response to an Authority clarification request must not change the Availability Payment quoted,The Authority may seek written clarification of any Proposal. A response to a clarification shall not change the Availability Payment quoted; any response that does so shall render the Proposal non-responsive.,The Authority may seek written clarification of any Proposal. A response to a clarification shall not change the Availability Payment quoted; any response that does so shall render the Proposal non-responsive.,A response to a clarification shall not change the Availability Payment quoted,VOL-I 11.5 p5,VOL-I 11.5 p5,procedural,Commercial,Commercial lead,"none: arises only after submission, if the Authority seeks a written clarification",ACTIVE,ACTIVE,ACTIVE,ACTIVE,VOL-I 11.5 p5,VOL-I 11.5 p5,VOL-I 11.5 p5,VOL-I 11.5 p5,"non-responsive: ""any response that does so shall render the Proposal non-responsive""",VOL-I 11.5 p5,,high: verbatim,n/a (text layer),proposed (not reviewed),n/a,VOL-I:11.5 (VOL-I p5; text layer),,
VOL-I-T1-1-A,proposed (existing row; not changed by this run; not reviewed),VOL-I:T1-1,evaluation; weighting,"Marks available for criterion A (process design, treatment performance and compliance with Volume II)","Ref: A | Criterion: Process design, treatment performance and compliance with Volume II | Marks: 25","Ref: A | Criterion: Process design, treatment performance and compliance with Volume II | Marks: 25",Marks: 25,"ADD-02 T1-1-rev/A p1 (replacing VOL-I T1-1/A p6, ADD-02/3.1)",ADD-02 T1-1-rev/A p1 (issued as VOL-I:T1-1/A) <- ADD-02/3.1,scored,Technical,Technical lead,EV-TECH-PROPOSAL,ACTIVE,ACTIVE,AMENDED (ADD-02/3.1),ACTIVE (as amended by ADD-02/3.1),VOL-I T1-1/A p6,VOL-I T1-1/A p6,"ADD-02 T1-1-rev/A p1 (replacing VOL-I T1-1/A p6, ADD-02/3.1)","ADD-02 T1-1-rev/A p1 (replacing VOL-I T1-1/A p6, ADD-02/3.1)",none stated in the documents,,,high: verbatim table rows,n/a (text layer),proposed (not reviewed),ADD-02/3.1: proposed,VOL-I:T1-1/A (VOL-I p6; text layer); ADD-02/3.1 [ADD-02; proposed] <- ADD-02:3.1 (ADD-02 p1),,
VOL-I-T1-1-C,proposed (existing row; not changed by this run; not reviewed),VOL-I:T1-1,evaluation; weighting,Marks available for criterion C (operations and maintenance philosophy and lifecycle strategy),Ref: C | Criterion: Operations and maintenance philosophy and lifecycle strategy | Marks: 20,Ref: C | Criterion: Operations and maintenance philosophy and lifecycle strategy | Marks: 20,Marks: 20,"ADD-02 T1-1-rev/C p1 (replacing VOL-I T1-1/C p6, ADD-02/3.1)",ADD-02 T1-1-rev/C p1 (issued as VOL-I:T1-1/C) <- ADD-02/3.1,scored,Operations,O&M lead,EV-TECH-PROPOSAL,ACTIVE,ACTIVE,AMENDED (ADD-02/3.1),ACTIVE (as amended by ADD-02/3.1),VOL-I T1-1/C p6,VOL-I T1-1/C p6,"ADD-02 T1-1-rev/C p1 (replacing VOL-I T1-1/C p6, ADD-02/3.1)","ADD-02 T1-1-rev/C p1 (replacing VOL-I T1-1/C p6, ADD-02/3.1)",none stated in the documents,,,high: verbatim table rows,n/a (text layer),proposed (not reviewed),ADD-02/3.1: proposed,VOL-I:T1-1/C (VOL-I p6; text layer); ADD-02/3.1 [ADD-02; proposed] <- ADD-02:3.1 (ADD-02 p1),,
VOL-I-T1-1-E,proposed (existing row; not changed by this run; not reviewed),VOL-I:T1-1,evaluation; weighting,"Marks available for criterion E (organisation, key personnel and consortium governance)","Ref: E | Criterion: Organisation, key personnel and consortium governance | Marks: 10","Ref: E | Criterion: Organisation, key personnel and consortium governance | Marks: 10",Marks: 10,"ADD-02 T1-1-rev/E p1 (replacing VOL-I T1-1/E p6, ADD-02/3.1)",ADD-02 T1-1-rev/E p1 (issued as VOL-I:T1-1/E) <- ADD-02/3.1,scored,Bid management,Bid manager,EV-TECH-PROPOSAL,ACTIVE,ACTIVE,AMENDED (ADD-02/3.1),ACTIVE (as amended by ADD-02/3.1),VOL-I T1-1/E p6,VOL-I T1-1/E p6,"ADD-02 T1-1-rev/E p1 (replacing VOL-I T1-1/E p6, ADD-02/3.1)","ADD-02 T1-1-rev/E p1 (replacing VOL-I T1-1/E p6, ADD-02/3.1)",none stated in the documents,,,high: verbatim table rows,n/a (text layer),proposed (not reviewed),ADD-02/3.1: proposed,VOL-I:T1-1/E (VOL-I p6; text layer); ADD-02/3.1 [ADD-02; proposed] <- ADD-02:3.1 (ADD-02 p1),,
VOL-I-T1-1-F,proposed (existing row; not changed by this run; not reviewed),VOL-I:T1-1,evaluation; weighting,"Marks available for criterion F (health, safety and security of supply)","Ref: F | Criterion: Health, safety and security of supply | Marks: 10","Ref: F | Criterion: Health, safety and security of supply | Marks: 10",Marks: 10,"ADD-02 T1-1-rev/F p1 (replacing VOL-I T1-1/F p6, ADD-02/3.1)",ADD-02 T1-1-rev/F p1 (issued as VOL-I:T1-1/F) <- ADD-02/3.1,scored,HSE,HSE lead,EV-TECH-PROPOSAL,ACTIVE,ACTIVE,AMENDED (ADD-02/3.1),ACTIVE (as amended by ADD-02/3.1),VOL-I T1-1/F p6,VOL-I T1-1/F p6,"ADD-02 T1-1-rev/F p1 (replacing VOL-I T1-1/F p6, ADD-02/3.1)","ADD-02 T1-1-rev/F p1 (replacing VOL-I T1-1/F p6, ADD-02/3.1)",none stated in the documents,,,high: verbatim table rows,n/a (text layer),proposed (not reviewed),ADD-02/3.1: proposed,VOL-I:T1-1/F (VOL-I p6; text layer); ADD-02/3.1 [ADD-02; proposed] <- ADD-02:3.1 (ADD-02 p1),,
VOL-I-12.1-01,proposed (existing row; not changed by this run; not reviewed),VOL-I:12.1,concession; post_award,"Concession period of 25 years from the Project Commercial Operation Date, then transfer of the Project to the Authority per Volume V","The Authority will notify the successful Bidder as Preferred Bidder. The concession period shall be twenty-five (25) years commencing on the Project Commercial Operation Date, following which the Project shall transfer to the Authority in accordance with Volume V.","The Authority will notify the successful Bidder as Preferred Bidder. The concession period shall be twenty-five (25) years commencing on the Project Commercial Operation Date, following which the Project shall transfer to the Authority in accordance with Volume V.","The concession period shall be twenty-five (25) years commencing on the Project Commercial Operation Date, following which the Project shall transfer to the Authority in accordance with Volume V.",VOL-I 12.1 p6,VOL-I 12.1 p6,contractual_post_award,Legal,Legal counsel,"Post-award (proposed requirement): to be obtained at PCOD, the Independent Engineer's certification that fixes PCOD (VOL-V 1.5), from which VOL-I 12.1 runs the 25-year concession period, and to be produced at the end of that period, the record of transfer of the Project to the Authority under Volume V (rows VOL-V-3.2-01 and VOL-V-42.1-01).",ACTIVE,ACTIVE,ACTIVE,ACTIVE,VOL-I 12.1 p6,VOL-I 12.1 p6,VOL-I 12.1 p6,VOL-I 12.1 p6,none stated in the documents,,CONCESSION-END-PCOD: None (unknown_anchor),"low: verbatim, but conflicts with VOL-V 3.1 and the Authority declined to resolve it (ADD-02 Q7)",n/a (text layer),proposed (not reviewed),n/a,VOL-I:12.1 (VOL-I p6; text layer),I-CONCESSION,
VOL-I-12.2-01,proposed (existing row; not changed by this run; not reviewed),VOL-I:12.2,award; commercial_close; post_award,Preferred Bidder to achieve Commercial Close within 120 days of the Preferred Bidder Notification,"The Preferred Bidder shall achieve Commercial Close within one hundred and twenty (120) days, and Financial Close within two hundred and seventy (270) days, of the date of the Preferred Bidder Notification. Failure to achieve Financial Close by the long-stop date entitles the Authority to call the Bid Bond and to proceed with the next ranked Bidder.","The Preferred Bidder shall achieve Commercial Close within one hundred and twenty (120) days, and Financial Close within two hundred and seventy (270) days, of the date of the Preferred Bidder Notification. Failure to achieve Financial Close by the long-stop date entitles the Authority to call the Bid Bond and to proceed with the next ranked Bidder.",The Preferred Bidder shall achieve Commercial Close within one hundred and twenty (120) days,VOL-I 12.2 p6,VOL-I 12.2 p6,contractual_post_award,Commercial,Commercial lead,"Unresolved: the record that would show Commercial Close within 120 days of the Preferred Bidder Notification cannot be specified, because the pack does not define Commercial Close or say what it comprises (VOL-I Section 2 and the VOL-V extract give no definition).",ACTIVE,ACTIVE,ACTIVE,ACTIVE,VOL-I 12.2 p6,VOL-I 12.2 p6,VOL-I 12.2 p6,VOL-I 12.2 p6,none stated in the documents,,PB-COMMERCIAL-CLOSE: None (unknown_anchor),"high: verbatim; anchored to the PBN, an event not in the pack; no consequence stated for Commercial Close",n/a (text layer),proposed (not reviewed),n/a,VOL-I:12.2 (VOL-I p6; text layer),,
VOL-I-12.2-02,proposed (existing row; not changed by this run; not reviewed),VOL-I:12.2,award; financial_close; bid_security; post_award,Preferred Bidder to achieve Financial Close within 270 days of the Preferred Bidder Notification,"The Preferred Bidder shall achieve Commercial Close within one hundred and twenty (120) days, and Financial Close within two hundred and seventy (270) days, of the date of the Preferred Bidder Notification. Failure to achieve Financial Close by the long-stop date entitles the Authority to call the Bid Bond and to proceed with the next ranked Bidder.","The Preferred Bidder shall achieve Commercial Close within one hundred and twenty (120) days, and Financial Close within two hundred and seventy (270) days, of the date of the Preferred Bidder Notification. Failure to achieve Financial Close by the long-stop date entitles the Authority to call the Bid Bond and to proceed with the next ranked Bidder.","Financial Close within two hundred and seventy (270) days, of the date of the Preferred Bidder Notification",VOL-I 12.2 p6,VOL-I 12.2 p6,contractual_post_award,Finance,Financial modeller,"Unresolved: the record that would show Financial Close within 270 days of the Preferred Bidder Notification cannot be specified, because the pack defines neither Financial Close nor 'the long-stop date' by which failure entitles the Authority to call the Bid Bond.",ACTIVE,ACTIVE,ACTIVE,ACTIVE,VOL-I 12.2 p6,VOL-I 12.2 p6,VOL-I 12.2 p6,VOL-I 12.2 p6,"contractual remedy (post-award): ""Failure to achieve Financial Close by the long-stop date entitles the Authority to call the Bid Bond and to proceed with the next ranked Bidder.""",VOL-I 12.2 p6,PB-FINANCIAL-CLOSE: None (unknown_anchor),medium: verbatim; 'long-stop date' undefined and the Bid Bond's 180-day validity may not reach it,n/a (text layer),proposed (not reviewed),n/a,VOL-I:12.2 (VOL-I p6; text layer),I-VOL-I-BOND-LONGSTOP,
VOL-I-13.2-01,proposed (existing row; not changed by this run; not reviewed),VOL-I:13.2,confidentiality; conduct,"Keep the RFP Documents confidential; disclose only to members, advisors and financiers on a need-to-know basis under equivalent terms","The RFP Documents are confidential and shall not be disclosed other than to a Bidder's members, advisors and financiers on a need-to-know basis and subject to equivalent confidentiality obligations.","The RFP Documents are confidential and shall not be disclosed other than to a Bidder's members, advisors and financiers on a need-to-know basis and subject to equivalent confidentiality obligations.","The RFP Documents are confidential and shall not be disclosed other than to a Bidder's members, advisors and financiers on a need-to-know basis and subject to equivalent confidentiality obligations.",VOL-I 13.2 p6,VOL-I 13.2 p6,procedural,Legal,Legal counsel,none: a conduct rule on handling the RFP Documents; nothing to submit,ACTIVE,ACTIVE,ACTIVE,ACTIVE,VOL-I 13.2 p6,VOL-I 13.2 p6,VOL-I 13.2 p6,VOL-I 13.2 p6,none stated in the documents,,,high: verbatim; no consequence stated,n/a (text layer),proposed (not reviewed),n/a,VOL-I:13.2 (VOL-I p6; text layer),,
VOL-I-App3-01,proposed (existing row; not changed by this run; not reviewed),VOL-I:App3,bid_submission; address; marking,"Deliver to Tender Box 4, Administrative Building C, Sakaka; marking 'NUPA/ISTP/2026/014 — NOT TO BE OPENED BEFORE 14:00 ON THE PROPOSAL DUE DATE'","Tender Box 4, Ground Floor, Northern Utilities Procurement Authority, Administrative Building C, Sakaka. Marked: ‘NUPA/ISTP/2026/014 — NOT TO BE OPENED BEFORE 14:00 ON THE PROPOSAL DUE DATE’.","Tender Box 4, Ground Floor, Northern Utilities Procurement Authority, Administrative Building C, Sakaka. Marked: ‘NUPA/ISTP/2026/014 — NOT TO BE OPENED BEFORE 14:00 ON THE PROPOSAL DUE DATE’.","Tender Box 4, Ground Floor, Northern Utilities Procurement Authority, Administrative Building C, Sakaka.",VOL-I App3/para1 p7,VOL-I App3/para1 p7,pass_fail,Bid management,Bid manager,EV-DELIVERY,ACTIVE,ACTIVE,ACTIVE,ACTIVE,VOL-I App3/para1 p7,VOL-I App3/para1 p7,VOL-I App3/para1 p7,VOL-I App3/para1 p7,none stated in the documents,,,medium: verbatim; whether 'Marked:' is the envelope marking required by VOL-I 6.2 is not stated,n/a (text layer),proposed (not reviewed),n/a,VOL-I:App3/para1 (VOL-I p7; text layer),I-NO-CONSEQUENCE,
VOL-II-1.1-01,proposed (existing row; not changed by this run; not reviewed),VOL-II:1.1,scope_of_works; concession,"Design, finance, construct, commission, own, operate and maintain the Facility; transfer it at concession end in the Volume V condition","The Project Company shall design, finance, construct, commission, own, operate and maintain the Wadi Sirhan Independent Sewage Treatment Plant and shall transfer the Facility to the Authority at the end of the concession period in the condition required by Volume V.","The Project Company shall design, finance, construct, commission, own, operate and maintain the Wadi Sirhan Independent Sewage Treatment Plant and shall transfer the Facility to the Authority at the end of the concession period in the condition required by Volume V.","The Project Company shall design, finance, construct, commission, own, operate and maintain the Wadi Sirhan Independent Sewage Treatment Plant",VOL-II 1.1 p2,VOL-II 1.1 p2,scored,Technical,Technical lead,EV-TECH-PROPOSAL,ACTIVE,ACTIVE,ACTIVE,ACTIVE,VOL-II 1.1 p2,VOL-II 1.1 p2,VOL-II 1.1 p2,VOL-II 1.1 p2,none stated in the documents,,,high: verbatim text-layer clause; when the concession period ends depends on the term start (I-CONCESSION),n/a (text layer),proposed (not reviewed),n/a,VOL-II:1.1 (VOL-II p2; text layer),I-CONCESSION,
VOL-II-1.2-01,proposed (existing row; not changed by this run; not reviewed),VOL-II:1.2,scope_of_works,"The Works include every listed element: inlet works to tertiary treatment, disinfection, sludge, odour control, effluent main and reservoir","The Works comprise: the inlet works and screening; primary, secondary and tertiary treatment; disinfection; sludge thickening, digestion and dewatering; odour control; the treated effluent transmission main; the treated effluent storage reservoir; and all associated electrical, control and civil works.","The Works comprise: the inlet works and screening; primary, secondary and tertiary treatment; disinfection; sludge thickening, digestion and dewatering; odour control; the treated effluent transmission main; the treated effluent storage reservoir; and all associated electrical, control and civil works.","The Works comprise: the inlet works and screening; primary, secondary and tertiary treatment; disinfection; sludge thickening, digestion and dewatering; odour control; the treated effluent transmission main; the treated effluent storage reservoir; and all associated electrical, control and civil works.",VOL-II 1.2 p2,VOL-II 1.2 p2,scored,Technical,Technical lead,EV-TECH-PROPOSAL,ACTIVE,ACTIVE,ACTIVE,ACTIVE,VOL-II 1.2 p2,VOL-II 1.2 p2,VOL-II 1.2 p2,VOL-II 1.2 p2,none stated in the documents,,,high: verbatim text-layer clause,n/a (text layer),proposed (not reviewed),n/a,VOL-II:1.2 (VOL-II p2; text layer),,
VOL-II-1.3-01,proposed (existing row; not changed by this run; not reviewed),VOL-II:1.3,scope_of_works; interfaces,"Manage all interfaces with the existing collection network at the two designated tie-in points, incl. temporary works to keep flows","The Project Company shall be responsible for all interfaces with the existing collection network at the two designated tie-in points, including any temporary works required to maintain flows during construction.","The Project Company shall be responsible for all interfaces with the existing collection network at the two designated tie-in points, including any temporary works required to maintain flows during construction.","shall be responsible for all interfaces with the existing collection network at the two designated tie-in points, including any temporary works required to maintain flows during construction",VOL-II 1.3 p2,VOL-II 1.3 p2,scored,Technical,Technical lead,EV-TECH-PROPOSAL,ACTIVE,ACTIVE,ACTIVE,ACTIVE,VOL-II 1.3 p2,VOL-II 1.3 p2,VOL-II 1.3 p2,VOL-II 1.3 p2,none stated in the documents,,,medium: verbatim; the two designated tie-in points are not identified anywhere in the pack,n/a (text layer),proposed (not reviewed),n/a,VOL-II:1.3 (VOL-II p2; text layer),I-VOL-II-MISSING,
VOL-II-1.4-01,proposed (existing row; not changed by this run; not reviewed),VOL-II:1.4,scope_of_works; utilities,Procure all utilities other than the grid connection point at the site boundary (which the Authority provides),"The Authority will provide the site free of encumbrance, together with a grid connection point at the site boundary. All other utilities shall be procured by the Project Company.","The Authority will provide the site free of encumbrance, together with a grid connection point at the site boundary. All other utilities shall be procured by the Project Company.",All other utilities shall be procured by the Project Company.,VOL-II 1.4 p2,VOL-II 1.4 p2,scored,Technical,Technical lead,EV-TECH-PROPOSAL,ACTIVE,ACTIVE,ACTIVE,ACTIVE,VOL-II 1.4 p2,VOL-II 1.4 p2,VOL-II 1.4 p2,VOL-II 1.4 p2,none stated in the documents,,,high: verbatim text-layer clause,n/a (text layer),proposed (not reviewed),n/a,VOL-II:1.4 (VOL-II p2; text layer),,
VOL-II-2.1-01,proposed (existing row; not changed by this run; not reviewed),VOL-II:2.1,design_basis; capacity,"Design for a nominal capacity of 120,000 m3/day average daily flow at the inlet works, at the Table 2-2 design-year influent","[VOL-II 2.1 p2] The Facility shall be designed for a nominal treatment capacity of 120,000 m³/day average daily flow, measured at the inlet works, at the design year influent characteristics stated in Table 2-2.
[VOL-II T2-2/bod5 p2] Parameter: BOD5 | Unit: mg/l | Average: 320 | Peak (design): 480
[VOL-II T2-2/cod p2] Parameter: COD | Unit: mg/l | Average: 640 | Peak (design): 950
[VOL-II T2-2/total-suspended-solids p2] Parameter: Total Suspended Solids | Unit: mg/l | Average: 350 | Peak (design): 520
[VOL-II T2-2/total-nitrogen p2] Parameter: Total Nitrogen | Unit: mg/l | Average: 55 | Peak (design): 80
[VOL-II T2-2/total-phosphorus p2] Parameter: Total Phosphorus | Unit: mg/l | Average: 9 | Peak (design): 14
[VOL-II T2-2/temperature p2] Parameter: Temperature | Unit: °C | Average: 24 | Peak (design): 34 (max) / 14 (min)","[VOL-II 2.1 p2] The Facility shall be designed for a nominal treatment capacity of 120,000 m³/day average daily flow, measured at the inlet works, at the design year influent characteristics stated in Table 2-2.
[VOL-II T2-2/bod5 p2] Parameter: BOD5 | Unit: mg/l | Average: 320 | Peak (design): 480
[VOL-II T2-2/cod p2] Parameter: COD | Unit: mg/l | Average: 640 | Peak (design): 950
[VOL-II T2-2/total-suspended-solids p2] Parameter: Total Suspended Solids | Unit: mg/l | Average: 350 | Peak (design): 520
[VOL-II T2-2/total-nitrogen p2] Parameter: Total Nitrogen | Unit: mg/l | Average: 55 | Peak (design): 80
[VOL-II T2-2/total-phosphorus p2] Parameter: Total Phosphorus | Unit: mg/l | Average: 9 | Peak (design): 14
[VOL-II T2-2/temperature p2] Parameter: Temperature | Unit: °C | Average: 24 | Peak (design): 34 (max) / 14 (min)","designed for a nominal treatment capacity of 120,000 m³/day average daily flow, measured at the inlet works",VOL-II 2.1 p2,VOL-II 2.1 p2; VOL-II T2-2/bod5 p2; VOL-II T2-2/cod p2; VOL-II T2-2/total-suspended-solids p2; VOL-II T2-2/total-nitrogen p2; VOL-II T2-2/total-phosphorus p2; VOL-II T2-2/temperature p2,scored,Technical,Process engineer,EV-TECH-PROPOSAL,ACTIVE,ACTIVE,ACTIVE,ACTIVE,VOL-II 2.1 p2,VOL-II 2.1 p2,VOL-II 2.1 p2,VOL-II 2.1 p2,none stated in the documents,,,high: verbatim text-layer clause and table,n/a (text layer),proposed (not reviewed),n/a,VOL-II:2.1 (VOL-II p2; text layer); VOL-II:T2-2/bod5 (VOL-II p2; text layer); VOL-II:T2-2/cod (VOL-II p2; text layer); VOL-II:T2-2/total-suspended-solids (VOL-II p2; text layer); VOL-II:T2-2/total-nitrogen (VOL-II p2; text layer); VOL-II:T2-2/total-phosphorus (VOL-II p2; text layer); VOL-II:T2-2/temperature (VOL-II p2; text layer),,
VOL-II-2.2-01,proposed (existing row; not changed by this run; not reviewed),VOL-II:2.2,design_basis; design_life,Design life of all civil structures of at least 50 years,"The design life of all civil structures shall be not less than fifty (50) years. The design life of mechanical and electrical equipment shall be not less than twenty (20) years or the manufacturer's rated life, whichever is the shorter, with lifecycle replacement provided for in the Project Company's lifecycle plan.","The design life of all civil structures shall be not less than fifty (50) years. The design life of mechanical and electrical equipment shall be not less than twenty (20) years or the manufacturer's rated life, whichever is the shorter, with lifecycle replacement provided for in the Project Company's lifecycle plan.",The design life of all civil structures shall be not less than fifty (50) years.,VOL-II 2.2 p2,VOL-II 2.2 p2,scored,Technical,Technical lead,EV-TECH-PROPOSAL,ACTIVE,ACTIVE,ACTIVE,ACTIVE,VOL-II 2.2 p2,VOL-II 2.2 p2,VOL-II 2.2 p2,VOL-II 2.2 p2,none stated in the documents,,,high: verbatim text-layer clause,n/a (text layer),proposed (not reviewed),n/a,VOL-II:2.2 (VOL-II p2; text layer),,
VOL-II-2.2-02,proposed (existing row; not changed by this run; not reviewed),VOL-II:2.2,design_basis; design_life; lifecycle,"M&E design life of at least 20 years or the manufacturer's rated life, whichever is shorter; lifecycle replacement in the lifecycle plan","The design life of all civil structures shall be not less than fifty (50) years. The design life of mechanical and electrical equipment shall be not less than twenty (20) years or the manufacturer's rated life, whichever is the shorter, with lifecycle replacement provided for in the Project Company's lifecycle plan.","The design life of all civil structures shall be not less than fifty (50) years. The design life of mechanical and electrical equipment shall be not less than twenty (20) years or the manufacturer's rated life, whichever is the shorter, with lifecycle replacement provided for in the Project Company's lifecycle plan.","The design life of mechanical and electrical equipment shall be not less than twenty (20) years or the manufacturer's rated life, whichever is the shorter, with lifecycle replacement provided for in the Project Company's lifecycle plan.",VOL-II 2.2 p2,VOL-II 2.2 p2,scored,Technical,Technical lead,EV-TECH-PROPOSAL,ACTIVE,ACTIVE,ACTIVE,ACTIVE,VOL-II 2.2 p2,VOL-II 2.2 p2,VOL-II 2.2 p2,VOL-II 2.2 p2,none stated in the documents,,,high: verbatim text-layer clause,n/a (text layer),proposed (not reviewed),n/a,VOL-II:2.2 (VOL-II p2; text layer),,
VOL-II-2.3-01,proposed (existing row; not changed by this run; not reviewed),VOL-II:2.3,design_basis; future_expansion,Space for a future 50% expansion of nominal capacity without demolishing permanent structures (space provision only),The Facility shall be designed to accommodate a future expansion of 50% of nominal capacity without demolition of permanent structures. Space provision only is required; no expansion works form part of the Works.,The Facility shall be designed to accommodate a future expansion of 50% of nominal capacity without demolition of permanent structures. Space provision only is required; no expansion works form part of the Works.,designed to accommodate a future expansion of 50% of nominal capacity without demolition of permanent structures,VOL-II 2.3 p2,VOL-II 2.3 p2,scored,Technical,Technical lead,EV-TECH-PROPOSAL,ACTIVE,ACTIVE,ACTIVE,ACTIVE,VOL-II 2.3 p2,VOL-II 2.3 p2,VOL-II 2.3 p2,VOL-II 2.3 p2,none stated in the documents,,,high: verbatim text-layer clause,n/a (text layer),proposed (not reviewed),n/a,VOL-II:2.3 (VOL-II p2; text layer),,
VOL-II-2.4-01,proposed (existing row; not changed by this run; not reviewed),VOL-II:2.4,technical_design; effluent; permit,"Treated effluent to comply at all times with the Table 2-4 parameters (reproduced from the Environmental Permit, which prevails)","[VOL-II 2.4 p2] The treated effluent shall at all times comply with the parameters set out in Table 2-4. Table 2-4 is reproduced overleaf from the Environmental Permit issued for the site and is incorporated into this Volume by reference.
[VOL-II T2-4-heading/para1 p3] The following page is reproduced as issued by the permitting authority. In the event of any discrepancy between this reproduction and the Environmental Permit, the Environmental Permit shall prevail.","[VOL-II 2.4 p2] The treated effluent shall at all times comply with the parameters set out in Table 2-4. Table 2-4 is reproduced overleaf from the Environmental Permit issued for the site and is incorporated into this Volume by reference.
[VOL-II T2-4-heading/para1 p3] The following page is reproduced as issued by the permitting authority. In the event of any discrepancy between this reproduction and the Environmental Permit, the Environmental Permit shall prevail.",The treated effluent shall at all times comply with the parameters set out in Table 2-4.,VOL-II 2.4 p2,VOL-II 2.4 p2; VOL-II T2-4-heading/para1 p3,scored,Technical,Process engineer,EV-TECH-PROPOSAL,ACTIVE,ACTIVE,ACTIVE,ACTIVE,VOL-II 2.4 p2,VOL-II 2.4 p2,VOL-II 2.4 p2,VOL-II 2.4 p2,none stated in the documents,,,"medium: verbatim text-layer clause; the table it incorporates is an image reading (transcription confirmed by the owner, 3 Oct 2026) and the Permit that prevails is not supplied",n/a (text layer),proposed (not reviewed),n/a,VOL-II:2.4 (VOL-II p2; text layer); VOL-II:T2-4-heading/para1 (VOL-II p3; text layer),I-PERMIT; I-READING-T24; I-VOL-II-T24-TENSIONS,"<- REL-T24-COMPLIANCE-MONITORING-STREAMS [confirmed limit_applies] from VOL-II:T2-4; NOT SUPPLIED: the Environmental Permit issued for the site (REL-MISSING-ENVIRONMENTAL-PERMIT, link confirmed): cannot be established: that the reproduced Table 2-4 limits, as amended by the addenda, are the limits that govern (the Permit prevails over the reproduction), and the limit of any parameter not listed (Note 1); Permit compliance is not claimed; REACHED at ADD-02 (confirmed dependency): from VOL-II:T2-4 via REL-T24-COMPLIANCE-MONITORING-STREAMS"
VOL-II-2.5-01,UNRESOLVED: cites a unit an unresolved provision of ADD-03 names,VOL-II:2.5,technical_design; monitoring; image,"Continuous online monitoring of the Table 2-4 parameters assessed on a continuous basis, with real-time signals to the Authority","[VOL-II 2.5 p2] The Project Company shall install continuous online monitoring for those parameters identified in Table 2-4 as assessed on a continuous basis, with signals available to the Authority in real time.
[VOL-II T2-4/ResidualChlorine p3] Parameter: Residual Chlorine | Unit: mg/l | Limit: 0.5 - 1.0 | Basis of assessment: Continuous at outlet
[VOL-II T2-4/pH p3] Parameter: pH | Unit: - | Limit: 6.0 - 9.0 | Basis of assessment: Continuous at outlet","[VOL-II 2.5 p2] The Project Company shall install continuous online monitoring for those parameters identified in Table 2-4 as assessed on a continuous basis, with signals available to the Authority in real time.
[VOL-II T2-4/ResidualChlorine p3] Parameter: Residual Chlorine | Unit: mg/l | Limit: 0.5 - 1.0 | Basis of assessment: Continuous at outlet
[VOL-II T2-4/pH p3] Parameter: pH | Unit: - | Limit: 6.0 - 9.0 | Basis of assessment: Continuous at outlet","shall install continuous online monitoring for those parameters identified in Table 2-4 as assessed on a continuous basis, with signals available to the Authority in real time",VOL-II 2.5 p2,VOL-II 2.5 p2; VOL-II T2-4/ResidualChlorine p3; VOL-II T2-4/pH p3,scored,Technical,Process engineer,EV-TECH-PROPOSAL,ACTIVE,ACTIVE,ACTIVE,ACTIVE,VOL-II 2.5 p2,VOL-II 2.5 p2,VOL-II 2.5 p2,VOL-II 2.5 p2,none stated in the documents,,,"medium: verbatim clause, but the parameters it selects come from an image reading (transcription confirmed by the owner, 3 Oct 2026)",approved,proposed (not reviewed),n/a,VOL-II:2.5 (VOL-II p2; text layer); VOL-II:T2-4/ResidualChlorine (VOL-II p3; image reading); VOL-II:T2-4/pH (VOL-II p3; image reading),I-READING-T24,<- REL-T24-COMPLIANCE-MONITORING-STREAMS [confirmed limit_applies] from VOL-II:T2-4; REACHED at ADD-02 (confirmed dependency): from VOL-II:T2-4 via REL-T24-COMPLIANCE-MONITORING-STREAMS
VOL-II-T2-4-BOD5,UNRESOLVED: cites a unit an unresolved provision of ADD-03 names,VOL-II:T2-4,technical_design; effluent; image,"Treated effluent Biochemical Oxygen Demand (BOD5): value shown in Table 2-4, unit and basis of assessment",Parameter: Biochemical Oxygen Demand (BOD5) | Unit: mg/l | Limit: 10 | Basis of assessment: 30-day rolling average,Parameter: Biochemical Oxygen Demand (BOD5) | Unit: mg/l | Limit: 10 | Basis of assessment: 30-day rolling average,Limit: 10,VOL-II T2-4/BOD5 p3,VOL-II T2-4/BOD5 p3,scored,Technical,Process engineer,EV-TECH-PROPOSAL,ACTIVE,ACTIVE,ACTIVE,ACTIVE,VOL-II T2-4/BOD5 p3,VOL-II T2-4/BOD5 p3,VOL-II T2-4/BOD5 p3,VOL-II T2-4/BOD5 p3,none stated in the documents,,,"medium: value and basis come from an image reading (transcription confirmed by the owner, 3 Oct 2026); the Environmental Permit, which prevails, is not supplied",approved,proposed (not reviewed),n/a,VOL-II:T2-4/BOD5 (VOL-II p3; image reading),I-PERMIT; I-READING-T24,"NOT SUPPLIED: the Environmental Permit issued for the site (REL-MISSING-ENVIRONMENTAL-PERMIT, link confirmed): cannot be established: that the reproduced Table 2-4 limits, as amended by the addenda, are the limits that govern (the Permit prevails over the reproduction), and the limit of any parameter not listed (Note 1); Permit compliance is not claimed"
VOL-II-T2-4-COD,UNRESOLVED: cites a unit an unresolved provision of ADD-03 names,VOL-II:T2-4,technical_design; effluent; image,"Treated effluent Chemical Oxygen Demand (COD): value shown in Table 2-4, unit and basis of assessment",Parameter: Chemical Oxygen Demand (COD) | Unit: mg/l | Limit: 50 | Basis of assessment: 30-day rolling average,Parameter: Chemical Oxygen Demand (COD) | Unit: mg/l | Limit: 50 | Basis of assessment: 30-day rolling average,Limit: 50,VOL-II T2-4/COD p3,VOL-II T2-4/COD p3,scored,Technical,Process engineer,EV-TECH-PROPOSAL,ACTIVE,ACTIVE,ACTIVE,ACTIVE,VOL-II T2-4/COD p3,VOL-II T2-4/COD p3,VOL-II T2-4/COD p3,VOL-II T2-4/COD p3,none stated in the documents,,,"medium: value and basis come from an image reading (transcription confirmed by the owner, 3 Oct 2026); the Environmental Permit, which prevails, is not supplied",approved,proposed (not reviewed),n/a,VOL-II:T2-4/COD (VOL-II p3; image reading),I-PERMIT; I-READING-T24,"NOT SUPPLIED: the Environmental Permit issued for the site (REL-MISSING-ENVIRONMENTAL-PERMIT, link confirmed): cannot be established: that the reproduced Table 2-4 limits, as amended by the addenda, are the limits that govern (the Permit prevails over the reproduction), and the limit of any parameter not listed (Note 1); Permit compliance is not claimed"
VOL-II-T2-4-TSS,UNRESOLVED: cites a unit an unresolved provision of ADD-03 names,VOL-II:T2-4,technical_design; effluent; image,"Treated effluent Total Suspended Solids (TSS): value shown in Table 2-4, unit and basis of assessment",Parameter: Total Suspended Solids (TSS) | Unit: mg/l | Limit: 10 | Basis of assessment: 30-day rolling average,Parameter: Total Suspended Solids (TSS) | Unit: mg/l | Limit: 10 | Basis of assessment: 30-day rolling average,Limit: 10,VOL-II T2-4/TSS p3,VOL-II T2-4/TSS p3,scored,Technical,Process engineer,EV-TECH-PROPOSAL,ACTIVE,ACTIVE,ACTIVE,ACTIVE,VOL-II T2-4/TSS p3,VOL-II T2-4/TSS p3,VOL-II T2-4/TSS p3,VOL-II T2-4/TSS p3,none stated in the documents,,,"medium: value and basis come from an image reading (transcription confirmed by the owner, 3 Oct 2026); the Environmental Permit, which prevails, is not supplied",approved,proposed (not reviewed),n/a,VOL-II:T2-4/TSS (VOL-II p3; image reading),I-PERMIT; I-READING-T24,"NOT SUPPLIED: the Environmental Permit issued for the site (REL-MISSING-ENVIRONMENTAL-PERMIT, link confirmed): cannot be established: that the reproduced Table 2-4 limits, as amended by the addenda, are the limits that govern (the Permit prevails over the reproduction), and the limit of any parameter not listed (Note 1); Permit compliance is not claimed"
VOL-II-T2-4-TP,UNRESOLVED: cites a unit an unresolved provision of ADD-03 names,VOL-II:T2-4,technical_design; effluent; image,"Treated effluent Total Phosphorus (TP): value shown in Table 2-4, unit and basis of assessment",Parameter: Total Phosphorus (TP) | Unit: mg/l | Limit: 1 | Basis of assessment: 30-day rolling average,Parameter: Total Phosphorus (TP) | Unit: mg/l | Limit: 1 | Basis of assessment: 30-day rolling average,Limit: 1,VOL-II T2-4/TP p3,VOL-II T2-4/TP p3,scored,Technical,Process engineer,EV-TECH-PROPOSAL,ACTIVE,ACTIVE,ACTIVE,ACTIVE,VOL-II T2-4/TP p3,VOL-II T2-4/TP p3,VOL-II T2-4/TP p3,VOL-II T2-4/TP p3,none stated in the documents,,,"medium: value and basis come from an image reading (transcription confirmed by the owner, 3 Oct 2026); the Environmental Permit, which prevails, is not supplied",approved,proposed (not reviewed),n/a,VOL-II:T2-4/TP (VOL-II p3; image reading),I-PERMIT; I-READING-T24,"NOT SUPPLIED: the Environmental Permit issued for the site (REL-MISSING-ENVIRONMENTAL-PERMIT, link confirmed): cannot be established: that the reproduced Table 2-4 limits, as amended by the addenda, are the limits that govern (the Permit prevails over the reproduction), and the limit of any parameter not listed (Note 1); Permit compliance is not claimed"
VOL-II-T2-4-Turbidity,UNRESOLVED: cites a unit an unresolved provision of ADD-03 names,VOL-II:T2-4,technical_design; effluent; image,"Treated effluent turbidity: value shown in Table 2-4, unit and basis of assessment",Parameter: Turbidity | Unit: NTU | Limit: 2 | Basis of assessment: Maximum instantaneous,Parameter: Turbidity | Unit: NTU | Limit: 2 | Basis of assessment: Maximum instantaneous,Limit: 2,VOL-II T2-4/Turbidity p3,VOL-II T2-4/Turbidity p3,scored,Technical,Process engineer,EV-TECH-PROPOSAL,ACTIVE,ACTIVE,ACTIVE,ACTIVE,VOL-II T2-4/Turbidity p3,VOL-II T2-4/Turbidity p3,VOL-II T2-4/Turbidity p3,VOL-II T2-4/Turbidity p3,none stated in the documents,,,"medium: value and basis come from an image reading (transcription confirmed by the owner, 3 Oct 2026); the Environmental Permit, which prevails, is not supplied",approved,proposed (not reviewed),n/a,VOL-II:T2-4/Turbidity (VOL-II p3; image reading),I-PERMIT; I-READING-T24,"NOT SUPPLIED: the Environmental Permit issued for the site (REL-MISSING-ENVIRONMENTAL-PERMIT, link confirmed): cannot be established: that the reproduced Table 2-4 limits, as amended by the addenda, are the limits that govern (the Permit prevails over the reproduction), and the limit of any parameter not listed (Note 1); Permit compliance is not claimed"
VOL-II-T2-4-FaecalColiforms,UNRESOLVED: cites a unit an unresolved provision of ADD-03 names,VOL-II:T2-4,technical_design; effluent; image,"Treated effluent faecal coliforms: value shown in Table 2-4, unit and basis of assessment","Parameter: Faecal Coliforms | Unit: MPN/100 ml | Limit: 2.2 | Basis of assessment: Maximum, any single sample","Parameter: Faecal Coliforms | Unit: MPN/100 ml | Limit: 2.2 | Basis of assessment: Maximum, any single sample",Limit: 2.2,VOL-II T2-4/FaecalColiforms p3,VOL-II T2-4/FaecalColiforms p3,scored,Technical,Process engineer,EV-TECH-PROPOSAL,ACTIVE,ACTIVE,ACTIVE,ACTIVE,VOL-II T2-4/FaecalColiforms p3,VOL-II T2-4/FaecalColiforms p3,VOL-II T2-4/FaecalColiforms p3,VOL-II T2-4/FaecalColiforms p3,none stated in the documents,,,"medium: value and basis come from an image reading (transcription confirmed by the owner, 3 Oct 2026); the Environmental Permit, which prevails, is not supplied",approved,proposed (not reviewed),n/a,VOL-II:T2-4/FaecalColiforms (VOL-II p3; image reading),I-PERMIT; I-READING-T24,"NOT SUPPLIED: the Environmental Permit issued for the site (REL-MISSING-ENVIRONMENTAL-PERMIT, link confirmed): cannot be established: that the reproduced Table 2-4 limits, as amended by the addenda, are the limits that govern (the Permit prevails over the reproduction), and the limit of any parameter not listed (Note 1); Permit compliance is not claimed"
VOL-II-T2-4-ResidualChlorine,UNRESOLVED: cites a unit an unresolved provision of ADD-03 names,VOL-II:T2-4,technical_design; effluent; image; disinfection,"Treated effluent residual chlorine: range shown in Table 2-4, unit and basis of assessment",Parameter: Residual Chlorine | Unit: mg/l | Limit: 0.5 - 1.0 | Basis of assessment: Continuous at outlet,Parameter: Residual Chlorine | Unit: mg/l | Limit: 0.5 - 1.0 | Basis of assessment: Continuous at outlet,Limit: 0.5 - 1.0,VOL-II T2-4/ResidualChlorine p3,VOL-II T2-4/ResidualChlorine p3,scored,Technical,Process engineer,EV-TECH-PROPOSAL,ACTIVE,ACTIVE,ACTIVE,ACTIVE,VOL-II T2-4/ResidualChlorine p3,VOL-II T2-4/ResidualChlorine p3,VOL-II T2-4/ResidualChlorine p3,VOL-II T2-4/ResidualChlorine p3,none stated in the documents,,,"medium: from an image reading (transcription confirmed by the owner, 3 Oct 2026); the Permit is not supplied; tension with VOL-II 3.3 recorded as an issue",approved,proposed (not reviewed),n/a,VOL-II:T2-4/ResidualChlorine (VOL-II p3; image reading),I-PERMIT; I-READING-T24; I-VOL-II-T24-TENSIONS,"NOT SUPPLIED: the Environmental Permit issued for the site (REL-MISSING-ENVIRONMENTAL-PERMIT, link confirmed): cannot be established: that the reproduced Table 2-4 limits, as amended by the addenda, are the limits that govern (the Permit prevails over the reproduction), and the limit of any parameter not listed (Note 1); Permit compliance is not claimed"
VOL-II-T2-4-pH,UNRESOLVED: cites a unit an unresolved provision of ADD-03 names,VOL-II:T2-4,technical_design; effluent; image,Treated effluent pH: range shown in Table 2-4 and basis of assessment,Parameter: pH | Unit: - | Limit: 6.0 - 9.0 | Basis of assessment: Continuous at outlet,Parameter: pH | Unit: - | Limit: 6.0 - 9.0 | Basis of assessment: Continuous at outlet,Limit: 6.0 - 9.0,VOL-II T2-4/pH p3,VOL-II T2-4/pH p3,scored,Technical,Process engineer,EV-TECH-PROPOSAL,ACTIVE,ACTIVE,ACTIVE,ACTIVE,VOL-II T2-4/pH p3,VOL-II T2-4/pH p3,VOL-II T2-4/pH p3,VOL-II T2-4/pH p3,none stated in the documents,,,"medium: from an image reading (transcription confirmed by the owner, 3 Oct 2026); the Environmental Permit, which prevails, is not supplied",approved,proposed (not reviewed),n/a,VOL-II:T2-4/pH (VOL-II p3; image reading),I-PERMIT; I-READING-T24; I-VOL-II-T24-TENSIONS,"NOT SUPPLIED: the Environmental Permit issued for the site (REL-MISSING-ENVIRONMENTAL-PERMIT, link confirmed): cannot be established: that the reproduced Table 2-4 limits, as amended by the addenda, are the limits that govern (the Permit prevails over the reproduction), and the limit of any parameter not listed (Note 1); Permit compliance is not claimed"
VOL-II-T2-4-OilGrease,UNRESOLVED: cites a unit an unresolved provision of ADD-03 names,VOL-II:T2-4,technical_design; effluent; image,"Treated effluent oil and grease: value shown in Table 2-4, unit and basis of assessment","Parameter: Oil and Grease | Unit: mg/l | Limit: 1 | Basis of assessment: Maximum, any single sample","Parameter: Oil and Grease | Unit: mg/l | Limit: 1 | Basis of assessment: Maximum, any single sample",Limit: 1,VOL-II T2-4/OilGrease p3,VOL-II T2-4/OilGrease p3,scored,Technical,Process engineer,EV-TECH-PROPOSAL,ACTIVE,ACTIVE,ACTIVE,ACTIVE,VOL-II T2-4/OilGrease p3,VOL-II T2-4/OilGrease p3,VOL-II T2-4/OilGrease p3,VOL-II T2-4/OilGrease p3,none stated in the documents,,,"medium: value and basis come from an image reading (transcription confirmed by the owner, 3 Oct 2026); the Environmental Permit, which prevails, is not supplied",approved,proposed (not reviewed),n/a,VOL-II:T2-4/OilGrease (VOL-II p3; image reading),I-PERMIT; I-READING-T24,"NOT SUPPLIED: the Environmental Permit issued for the site (REL-MISSING-ENVIRONMENTAL-PERMIT, link confirmed): cannot be established: that the reproduced Table 2-4 limits, as amended by the addenda, are the limits that govern (the Permit prevails over the reproduction), and the limit of any parameter not listed (Note 1); Permit compliance is not claimed"
VOL-II-T2-4-NOTE1,UNRESOLVED: cites a unit an unresolved provision of ADD-03 names,VOL-II:T2-4,technical_design; effluent; image; permit,Parameters not listed in Table 2-4: the limits stated in the Environmental Permit apply (the Permit is not in the pack),"Note 1:  Where a parameter is not listed above, the limit stated in the Environmental Permit shall apply.","Note 1:  Where a parameter is not listed above, the limit stated in the Environmental Permit shall apply.","Where a parameter is not listed above, the limit stated in the Environmental Permit shall apply.",VOL-II T2-4/note1 p3,VOL-II T2-4/note1 p3,scored,Technical,Process engineer,EV-TECH-PROPOSAL,ACTIVE,ACTIVE,ACTIVE,ACTIVE,VOL-II T2-4/note1 p3,VOL-II T2-4/note1 p3,VOL-II T2-4/note1 p3,VOL-II T2-4/note1 p3,none stated in the documents,,,"low: image reading (transcription confirmed by the owner, 3 Oct 2026); the Permit and its limits are not supplied, so these limits cannot be identified from the pack",approved,proposed (not reviewed),n/a,VOL-II:T2-4/note1 (VOL-II p3; image reading),I-PERMIT; I-READING-T24,"NOT SUPPLIED: the Environmental Permit issued for the site (REL-MISSING-ENVIRONMENTAL-PERMIT, link confirmed): cannot be established: that the reproduced Table 2-4 limits, as amended by the addenda, are the limits that govern (the Permit prevails over the reproduction), and the limit of any parameter not listed (Note 1); Permit compliance is not claimed"
VOL-II-3.1-01,proposed (existing row; not changed by this run; not reviewed),VOL-II:3.1,technical_design; process,Treatment process able to achieve the Table 2-4 effluent quality under all Table 2-2 design influent conditions,"[VOL-II 3.1 p3] The treatment process shall be capable of achieving the effluent quality in Table 2-4 under all design influent conditions in Table 2-2. The Authority does not mandate a particular process train.
[VOL-II H:S3 p3] SECTION 3 — PROCESS REQUIREMENTS
[VOL-II T2-2/bod5 p2] Parameter: BOD5 | Unit: mg/l | Average: 320 | Peak (design): 480
[VOL-II T2-2/cod p2] Parameter: COD | Unit: mg/l | Average: 640 | Peak (design): 950
[VOL-II T2-2/total-suspended-solids p2] Parameter: Total Suspended Solids | Unit: mg/l | Average: 350 | Peak (design): 520
[VOL-II T2-2/total-nitrogen p2] Parameter: Total Nitrogen | Unit: mg/l | Average: 55 | Peak (design): 80
[VOL-II T2-2/total-phosphorus p2] Parameter: Total Phosphorus | Unit: mg/l | Average: 9 | Peak (design): 14
[VOL-II T2-2/temperature p2] Parameter: Temperature | Unit: °C | Average: 24 | Peak (design): 34 (max) / 14 (min)","[VOL-II 3.1 p3] The treatment process shall be capable of achieving the effluent quality in Table 2-4 under all design influent conditions in Table 2-2. The Authority does not mandate a particular process train.
[VOL-II H:S3 p3] SECTION 3 — PROCESS REQUIREMENTS
[VOL-II T2-2/bod5 p2] Parameter: BOD5 | Unit: mg/l | Average: 320 | Peak (design): 480
[VOL-II T2-2/cod p2] Parameter: COD | Unit: mg/l | Average: 640 | Peak (design): 950
[VOL-II T2-2/total-suspended-solids p2] Parameter: Total Suspended Solids | Unit: mg/l | Average: 350 | Peak (design): 520
[VOL-II T2-2/total-nitrogen p2] Parameter: Total Nitrogen | Unit: mg/l | Average: 55 | Peak (design): 80
[VOL-II T2-2/total-phosphorus p2] Parameter: Total Phosphorus | Unit: mg/l | Average: 9 | Peak (design): 14
[VOL-II T2-2/temperature p2] Parameter: Temperature | Unit: °C | Average: 24 | Peak (design): 34 (max) / 14 (min)",The treatment process shall be capable of achieving the effluent quality in Table 2-4 under all design influent conditions in Table 2-2.,VOL-II 3.1 p3,VOL-II 3.1 p3; VOL-II H:S3 p3; VOL-II T2-2/bod5 p2; VOL-II T2-2/cod p2; VOL-II T2-2/total-suspended-solids p2; VOL-II T2-2/total-nitrogen p2; VOL-II T2-2/total-phosphorus p2; VOL-II T2-2/temperature p2,scored,Technical,Process engineer,EV-TECH-PROPOSAL,ACTIVE,ACTIVE,ACTIVE,ACTIVE,VOL-II 3.1 p3,VOL-II 3.1 p3,VOL-II 3.1 p3,VOL-II 3.1 p3,none stated in the documents,,,"medium: verbatim; the effluent quality it refers to is an image reading (transcription confirmed by the owner, 3 Oct 2026) and the Permit that prevails is not supplied",n/a (text layer),proposed (not reviewed),n/a,VOL-II:3.1 (VOL-II p3; text layer); VOL-II:H:S3 (VOL-II p3; text layer); VOL-II:T2-2/bod5 (VOL-II p2; text layer); VOL-II:T2-2/cod (VOL-II p2; text layer); VOL-II:T2-2/total-suspended-solids (VOL-II p2; text layer); VOL-II:T2-2/total-nitrogen (VOL-II p2; text layer); VOL-II:T2-2/total-phosphorus (VOL-II p2; text layer); VOL-II:T2-2/temperature (VOL-II p2; text layer),I-READING-T24; I-PERMIT,<- REL-T24-PROCESS-DESIGN [confirmed limit_applies] from VOL-II:T2-4; REACHED at ADD-02 (confirmed dependency): from VOL-II:T2-4 via REL-T24-PROCESS-DESIGN
VOL-II-3.2-01,proposed (existing row; not changed by this run; not reviewed),VOL-II:3.2,technical_design; process; membrane; lifecycle,If a membrane process is proposed: show membrane replacement provisions in the lifecycle plan,"Where a membrane process is proposed, the Project Company shall demonstrate membrane replacement provisions in the lifecycle plan and shall warrant a membrane life of not less than seven (7) years.","Where a membrane process is proposed, the Project Company shall demonstrate membrane replacement provisions in the lifecycle plan and shall warrant a membrane life of not less than seven (7) years.","Where a membrane process is proposed, the Project Company shall demonstrate membrane replacement provisions in the lifecycle plan",VOL-II 3.2 p3,VOL-II 3.2 p3,scored,Technical,Process engineer,EV-TECH-PROPOSAL,ACTIVE,ACTIVE,ACTIVE,ACTIVE,VOL-II 3.2 p3,VOL-II 3.2 p3,VOL-II 3.2 p3,VOL-II 3.2 p3,none stated in the documents,,,high: verbatim text-layer clause,n/a (text layer),proposed (not reviewed),n/a,VOL-II:3.2 (VOL-II p3; text layer),,
VOL-II-3.2-02,proposed (existing row; not changed by this run; not reviewed),VOL-II:3.2,technical_design; process; membrane; warranty,If a membrane process is proposed: warrant a membrane life of at least 7 years,"Where a membrane process is proposed, the Project Company shall demonstrate membrane replacement provisions in the lifecycle plan and shall warrant a membrane life of not less than seven (7) years.","Where a membrane process is proposed, the Project Company shall demonstrate membrane replacement provisions in the lifecycle plan and shall warrant a membrane life of not less than seven (7) years.",shall warrant a membrane life of not less than seven (7) years,VOL-II 3.2 p3,VOL-II 3.2 p3,scored,Technical,Process engineer,EV-TECH-PROPOSAL,ACTIVE,ACTIVE,ACTIVE,ACTIVE,VOL-II 3.2 p3,VOL-II 3.2 p3,VOL-II 3.2 p3,VOL-II 3.2 p3,none stated in the documents,,,high: verbatim text-layer clause,n/a (text layer),proposed (not reviewed),n/a,VOL-II:3.2 (VOL-II p3; text layer),,
VOL-II-3.3-01,proposed (existing row; not changed by this run; not reviewed),VOL-II:3.3,technical_design; process; disinfection,"Disinfection by chlorination with dechlorination provision, by UV with a validated dose, or both; ozonation alone not acceptable","Disinfection shall be by chlorination with provision for dechlorination, or by ultraviolet irradiation with a validated dose, or by a combination. Ozonation alone is not acceptable.","Disinfection shall be by chlorination with provision for dechlorination, or by ultraviolet irradiation with a validated dose, or by a combination. Ozonation alone is not acceptable.","Disinfection shall be by chlorination with provision for dechlorination, or by ultraviolet irradiation with a validated dose, or by a combination.",VOL-II 3.3 p3,VOL-II 3.3 p3,scored,Technical,Process engineer,EV-TECH-PROPOSAL,ACTIVE,ACTIVE,ACTIVE,ACTIVE,VOL-II 3.3 p3,VOL-II 3.3 p3,VOL-II 3.3 p3,VOL-II 3.3 p3,none stated in the documents,,,high: verbatim text-layer clause; the tension with Table 2-4 is recorded as an issue,n/a (text layer),proposed (not reviewed),n/a,VOL-II:3.3 (VOL-II p3; text layer),I-VOL-II-T24-TENSIONS,
VOL-II-3.4-01,proposed (existing row; not changed by this run; not reviewed),VOL-II:3.4,environmental_performance; odour,Odour at the site boundary of no more than 5 OU/m3 as a 98th percentile hourly value,"Odour control shall achieve not more than 5 OU/m³ at the site boundary, assessed as a 98th percentile hourly value.","Odour control shall achieve not more than 5 OU/m³ at the site boundary, assessed as a 98th percentile hourly value.","Odour control shall achieve not more than 5 OU/m³ at the site boundary, assessed as a 98th percentile hourly value.",VOL-II 3.4 p3,VOL-II 3.4 p3,scored,Environmental,Environmental lead,EV-TECH-PROPOSAL,ACTIVE,ACTIVE,ACTIVE,ACTIVE,VOL-II 3.4 p3,VOL-II 3.4 p3,VOL-II 3.4 p3,VOL-II 3.4 p3,none stated in the documents,,,high: verbatim text-layer clause,n/a (text layer),proposed (not reviewed),n/a,VOL-II:3.4 (VOL-II p3; text layer),,
VOL-II-3.5-01,proposed (existing row; not changed by this run; not reviewed),VOL-II:3.5,environmental_performance; noise,Noise at the nearest sensitive receptor of no more than 55 dB(A) by day and 45 dB(A) by night,Noise at the nearest sensitive receptor shall not exceed 55 dB(A) by day and 45 dB(A) by night.,Noise at the nearest sensitive receptor shall not exceed 55 dB(A) by day and 45 dB(A) by night.,Noise at the nearest sensitive receptor shall not exceed 55 dB(A) by day and 45 dB(A) by night.,VOL-II 3.5 p3,VOL-II 3.5 p3,scored,Environmental,Environmental lead,EV-TECH-PROPOSAL,ACTIVE,ACTIVE,ACTIVE,ACTIVE,VOL-II 3.5 p3,VOL-II 3.5 p3,VOL-II 3.5 p3,VOL-II 3.5 p3,none stated in the documents,,,high: verbatim text-layer clause,n/a (text layer),proposed (not reviewed),n/a,VOL-II:3.5 (VOL-II p3; text layer),,
VOL-II-4.1-01,proposed (existing row; not changed by this run; not reviewed),VOL-II:4.1,technical_design; hydraulics,Hydraulic profile to pass the Table 2-6 flows without surcharging any structure or relying on pumped bypass,The hydraulic profile shall accommodate the flows in Table 2-6 without surcharge of any structure and without reliance on pumped bypass.,The hydraulic profile shall accommodate the flows in Table 2-6 without surcharge of any structure and without reliance on pumped bypass.,The hydraulic profile shall accommodate the flows in Table 2-6 without surcharge of any structure and without reliance on pumped bypass.,VOL-II 4.1 p3,VOL-II 4.1 p3,scored,Technical,Process engineer,EV-TECH-PROPOSAL,ACTIVE,ACTIVE,ACTIVE,ACTIVE,VOL-II 4.1 p3,VOL-II 4.1 p3,VOL-II 4.1 p3,VOL-II 4.1 p3,none stated in the documents,,,medium: verbatim; the Table 2-6 peak hourly and storm flows are questioned and ADD-02 Q11 did not resolve them,n/a (text layer),proposed (not reviewed),n/a,VOL-II:4.1 (VOL-II p3; text layer),I-FLOWS,
VOL-II-T2-6-1,proposed (existing row; not changed by this run; not reviewed),VOL-II:T2-6,technical_design; hydraulics; design_flow,"Hydraulic design criterion 2-6.1: average daily flow of 120,000 m3/day","Ref: 2-6.1 | Criterion: Average daily flow | Value: 120,000 | Unit: m³/day","Ref: 2-6.1 | Criterion: Average daily flow | Value: 120,000 | Unit: m³/day","Value: 120,000",VOL-II T2-6/2-6.1 p3,VOL-II T2-6/2-6.1 p3,scored,Technical,Process engineer,EV-TECH-PROPOSAL,ACTIVE,ACTIVE,ACTIVE,ACTIVE,VOL-II T2-6/2-6.1 p3,VOL-II T2-6/2-6.1 p3,VOL-II T2-6/2-6.1 p3,VOL-II T2-6/2-6.1 p3,none stated in the documents,,,medium: verbatim table row; the consistency of the Table 2-6 flows is questioned (I-FLOWS),n/a (text layer),proposed (not reviewed),n/a,VOL-II:T2-6/2-6.1 (VOL-II p3; text layer),I-FLOWS,
VOL-II-T2-6-2,proposed (existing row; not changed by this run; not reviewed),VOL-II:T2-6,technical_design; hydraulics; design_flow,"Hydraulic design criterion 2-6.2: peak hourly flow (design) of 7,500 m3/h","Ref: 2-6.2 | Criterion: Peak hourly flow (design) | Value: 7,500 | Unit: m³/h","Ref: 2-6.2 | Criterion: Peak hourly flow (design) | Value: 7,500 | Unit: m³/h","Value: 7,500",VOL-II T2-6/2-6.2 p3,VOL-II T2-6/2-6.2 p3,scored,Technical,Process engineer,EV-TECH-PROPOSAL,ACTIVE,ACTIVE,ACTIVE,ACTIVE,VOL-II T2-6/2-6.2 p3,VOL-II T2-6/2-6.2 p3,VOL-II T2-6/2-6.2 p3,VOL-II T2-6/2-6.2 p3,none stated in the documents,,,"medium: verbatim table row; questioned in ADD-02 Q11 against the 120,000 m3/day average, and not answered (I-FLOWS)",n/a (text layer),proposed (not reviewed),n/a,VOL-II:T2-6/2-6.2 (VOL-II p3; text layer),I-FLOWS,
VOL-II-T2-6-3,proposed (existing row; not changed by this run; not reviewed),VOL-II:T2-6,technical_design; hydraulics; design_flow,"Hydraulic design criterion 2-6.3: minimum night flow of 1,800 m3/h","Ref: 2-6.3 | Criterion: Minimum night flow | Value: 1,800 | Unit: m³/h","Ref: 2-6.3 | Criterion: Minimum night flow | Value: 1,800 | Unit: m³/h","Value: 1,800",VOL-II T2-6/2-6.3 p4,VOL-II T2-6/2-6.3 p4,scored,Technical,Process engineer,EV-TECH-PROPOSAL,ACTIVE,ACTIVE,ACTIVE,ACTIVE,VOL-II T2-6/2-6.3 p4,VOL-II T2-6/2-6.3 p4,VOL-II T2-6/2-6.3 p4,VOL-II T2-6/2-6.3 p4,none stated in the documents,,,high: verbatim table row,n/a (text layer),proposed (not reviewed),n/a,VOL-II:T2-6/2-6.3 (VOL-II p4; text layer),,
VOL-II-T2-6-4,proposed (existing row; not changed by this run; not reviewed),VOL-II:T2-6,technical_design; hydraulics; design_flow; storm,Hydraulic design criterion 2-6.4: pass storm flow of 3 x dry weather flow to full treatment,Ref: 2-6.4 | Criterion: Storm flow to be passed to full treatment | Value: 3 x dry weather flow | Unit: —,Ref: 2-6.4 | Criterion: Storm flow to be passed to full treatment | Value: 3 x dry weather flow | Unit: —,Value: 3 x dry weather flow,VOL-II T2-6/2-6.4 p4,VOL-II T2-6/2-6.4 p4,scored,Technical,Process engineer,EV-TECH-PROPOSAL,ACTIVE,ACTIVE,ACTIVE,ACTIVE,VOL-II T2-6/2-6.4 p4,VOL-II T2-6/2-6.4 p4,VOL-II T2-6/2-6.4 p4,VOL-II T2-6/2-6.4 p4,none stated in the documents,,,"medium: verbatim table row; dry weather flow is undefined and 3 x DWF may exceed the 7,500 m3/h design peak (I-FLOWS)",n/a (text layer),proposed (not reviewed),n/a,VOL-II:T2-6/2-6.4 (VOL-II p4; text layer),I-FLOWS,
VOL-II-T2-6-5,proposed (existing row; not changed by this run; not reviewed),VOL-II:T2-6,technical_design; hydraulics,Hydraulic design criterion 2-6.5: inlet works design head of 1.8 m,Ref: 2-6.5 | Criterion: Inlet works design head | Value: 1.8 | Unit: m,Ref: 2-6.5 | Criterion: Inlet works design head | Value: 1.8 | Unit: m,Value: 1.8,VOL-II T2-6/2-6.5 p4,VOL-II T2-6/2-6.5 p4,scored,Technical,Process engineer,EV-TECH-PROPOSAL,ACTIVE,ACTIVE,ACTIVE,ACTIVE,VOL-II T2-6/2-6.5 p4,VOL-II T2-6/2-6.5 p4,VOL-II T2-6/2-6.5 p4,VOL-II T2-6/2-6.5 p4,none stated in the documents,,,high: verbatim table row,n/a (text layer),proposed (not reviewed),n/a,VOL-II:T2-6/2-6.5 (VOL-II p4; text layer),,
VOL-II-T2-6-6,proposed (existing row; not changed by this run; not reviewed),VOL-II:T2-6,technical_design; hydraulics,Hydraulic design criterion 2-6.6: maximum velocity in channels of 1.2 m/s,Ref: 2-6.6 | Criterion: Maximum velocity in channels | Value: 1.2 | Unit: m/s,Ref: 2-6.6 | Criterion: Maximum velocity in channels | Value: 1.2 | Unit: m/s,Value: 1.2,VOL-II T2-6/2-6.6 p4,VOL-II T2-6/2-6.6 p4,scored,Technical,Process engineer,EV-TECH-PROPOSAL,ACTIVE,ACTIVE,ACTIVE,ACTIVE,VOL-II T2-6/2-6.6 p4,VOL-II T2-6/2-6.6 p4,VOL-II T2-6/2-6.6 p4,VOL-II T2-6/2-6.6 p4,none stated in the documents,,,high: verbatim table row,n/a (text layer),proposed (not reviewed),n/a,VOL-II:T2-6/2-6.6 (VOL-II p4; text layer),,
VOL-II-4.2-01,proposed (existing row; not changed by this run; not reviewed),VOL-II:4.2,clarification; hydraulics; design_flow,Check the consistency of the Volume II flow figures and raise any inconsistency as a clarification under VOL-I 5.1,The Project Company shall satisfy itself as to the consistency of the flow figures stated in this Volume and shall raise any inconsistency as a clarification under Volume I Clause 5.1.,The Project Company shall satisfy itself as to the consistency of the flow figures stated in this Volume and shall raise any inconsistency as a clarification under Volume I Clause 5.1.,shall satisfy itself as to the consistency of the flow figures stated in this Volume and shall raise any inconsistency as a clarification under Volume I Clause 5.1,VOL-II 4.2 p4,VOL-II 4.2 p4,procedural,Technical,Process engineer,EV-CLARIFICATIONS,ACTIVE,ACTIVE,ACTIVE,ACTIVE,VOL-II 4.2 p4,VOL-II 4.2 p4,VOL-II 4.2 p4,VOL-II 4.2 p4,none stated in the documents,,,medium: verbatim; the ADD-02 Q11 answer refers back to this clause without resolving the figures,n/a (text layer),proposed (not reviewed),n/a,VOL-II:4.2 (VOL-II p4; text layer),I-FLOWS,
VOL-II-4.3-01,proposed (existing row; not changed by this run; not reviewed),VOL-II:4.3,technical_design; reliability; redundancy,Each treatment stage arranged in at least four parallel streams,"Each treatment stage shall be arranged in not fewer than four (4) parallel streams, such that the Facility can meet Table 2-4 with any one stream out of service.","Each treatment stage shall be arranged in not fewer than four (4) parallel streams, such that the Facility can meet Table 2-4 with any one stream out of service.",Each treatment stage shall be arranged in not fewer than four (4) parallel streams,VOL-II 4.3 p4,VOL-II 4.3 p4,scored,Technical,Process engineer,EV-TECH-PROPOSAL,ACTIVE,ACTIVE,ACTIVE,ACTIVE,VOL-II 4.3 p4,VOL-II 4.3 p4,VOL-II 4.3 p4,VOL-II 4.3 p4,none stated in the documents,,,high: verbatim text-layer clause,n/a (text layer),proposed (not reviewed),n/a,VOL-II:4.3 (VOL-II p4; text layer),,
VOL-II-4.3-02,proposed (existing row; not changed by this run; not reviewed),VOL-II:4.3,technical_design; reliability; redundancy; effluent,Facility able to meet Table 2-4 with any one stream out of service,"Each treatment stage shall be arranged in not fewer than four (4) parallel streams, such that the Facility can meet Table 2-4 with any one stream out of service.","Each treatment stage shall be arranged in not fewer than four (4) parallel streams, such that the Facility can meet Table 2-4 with any one stream out of service.",such that the Facility can meet Table 2-4 with any one stream out of service,VOL-II 4.3 p4,VOL-II 4.3 p4,scored,Technical,Process engineer,EV-TECH-PROPOSAL,ACTIVE,ACTIVE,ACTIVE,ACTIVE,VOL-II 4.3 p4,VOL-II 4.3 p4,VOL-II 4.3 p4,VOL-II 4.3 p4,none stated in the documents,,,"medium: verbatim; the Table 2-4 limits it refers to are an image reading (transcription confirmed by the owner, 3 Oct 2026)",n/a (text layer),proposed (not reviewed),n/a,VOL-II:4.3 (VOL-II p4; text layer),I-READING-T24,<- REL-T24-COMPLIANCE-MONITORING-STREAMS [confirmed limit_applies] from VOL-II:T2-4; REACHED at ADD-02 (confirmed dependency): from VOL-II:T2-4 via REL-T24-COMPLIANCE-MONITORING-STREAMS
VOL-II-4.4-02,proposed (existing row; not changed by this run; not reviewed),VOL-II:4.4,technical_design; reliability; redundancy,N+1 standby provision for all rotating equipment,"Standby provision for all rotating equipment shall be N+1. Standby power shall be sized to carry the full inlet works, the disinfection stage and the effluent pumping station for not less than seventy-two (72) hours.","Standby provision for all rotating equipment shall be N+1. Standby power shall be sized to carry the full inlet works, the disinfection stage and the effluent pumping station for not less than ninety-six (96) hours.",Standby provision for all rotating equipment shall be N+1.,VOL-II 4.4 p4 as amended by ADD-02 4.1 p1,VOL-II 4.4 p4 <- ADD-02/4.1,scored,Technical,Technical lead,EV-TECH-PROPOSAL,ACTIVE,ACTIVE,AMENDED (ADD-02/4.1),ACTIVE (as amended by ADD-02/4.1),VOL-II 4.4 p4,VOL-II 4.4 p4,VOL-II 4.4 p4 as amended by ADD-02 4.1 p1,VOL-II 4.4 p4 as amended by ADD-02 4.1 p1,none stated in the documents,,,high: verbatim text-layer clause,n/a (text layer),proposed (not reviewed),ADD-02/4.1: proposed,VOL-II:4.4 (VOL-II p4; text layer); ADD-02/4.1 [ADD-02; proposed] <- ADD-02:4.1 (ADD-02 p1),,
VOL-II-4.5-01,proposed (existing row; not changed by this run; not reviewed),VOL-II:4.5,technical_design; transmission_main; surge,"Surge protection on the transmission main for the full range of operating scenarios, including simultaneous pump trip",The transmission main shall be provided with surge protection designed for the full range of operating scenarios including simultaneous pump trip.,The transmission main shall be provided with surge protection designed for the full range of operating scenarios including simultaneous pump trip.,The transmission main shall be provided with surge protection designed for the full range of operating scenarios including simultaneous pump trip.,VOL-II 4.5 p4,VOL-II 4.5 p4,scored,Technical,Technical lead,EV-TECH-PROPOSAL,ACTIVE,ACTIVE,ACTIVE,ACTIVE,VOL-II 4.5 p4,VOL-II 4.5 p4,VOL-II 4.5 p4,VOL-II 4.5 p4,none stated in the documents,,,high: verbatim text-layer clause,n/a (text layer),proposed (not reviewed),n/a,VOL-II:4.5 (VOL-II p4; text layer),,
VOL-II-5.1-01,proposed (existing row; not changed by this run; not reviewed),VOL-II:5.1,technical_design; transmission_main; route,Treated effluent main of about 18 km from the Facility outlet chamber to the delivery point shown on Drawing 03-C-114,The treated effluent transmission main shall be approximately eighteen (18) kilometres in length between the Facility outlet chamber and the delivery point shown on Drawing 03-C-114.,The treated effluent transmission main shall be approximately eighteen (18) kilometres in length between the Facility outlet chamber and the delivery point shown on Drawing 03-C-114.,approximately eighteen (18) kilometres in length between the Facility outlet chamber and the delivery point shown on Drawing 03-C-114,VOL-II 5.1 p4,VOL-II 5.1 p4,scored,Technical,Technical lead,EV-TECH-PROPOSAL,ACTIVE,ACTIVE,ACTIVE,ACTIVE,VOL-II 5.1 p4,VOL-II 5.1 p4,VOL-II 5.1 p4,VOL-II 5.1 p4,none stated in the documents,,,"low: the delivery point is shown only on Drawing 03-C-114 (Volume III), which is not supplied; route and end point cannot be established",n/a (text layer),proposed (not reviewed),n/a,VOL-II:5.1 (VOL-II p4; text layer),I-VOL-III,
VOL-II-5.2-01,proposed (existing row; not changed by this run; not reviewed),VOL-II:5.2,technical_design; transmission_main; hydraulics,Size the main for the Table 2-6 peak hourly flow at a velocity of no more than 2.0 m/s,"[VOL-II 5.2 p4] The main shall be sized for the peak hourly flow in Table 2-6 with a maximum velocity of 2.0 m/s and a minimum residual head of 15 m at the delivery point.
[VOL-II T2-6/2-6.2 p3] Ref: 2-6.2 | Criterion: Peak hourly flow (design) | Value: 7,500 | Unit: m³/h","[VOL-II 5.2 p4] The main shall be sized for the peak hourly flow in Table 2-6 with a maximum velocity of 2.0 m/s and a minimum residual head of 15 m at the delivery point.
[VOL-II T2-6/2-6.2 p3] Ref: 2-6.2 | Criterion: Peak hourly flow (design) | Value: 7,500 | Unit: m³/h",The main shall be sized for the peak hourly flow in Table 2-6 with a maximum velocity of 2.0 m/s,VOL-II 5.2 p4,VOL-II 5.2 p4; VOL-II T2-6/2-6.2 p3,scored,Technical,Technical lead,EV-TECH-PROPOSAL,ACTIVE,ACTIVE,ACTIVE,ACTIVE,VOL-II 5.2 p4,VOL-II 5.2 p4,VOL-II 5.2 p4,VOL-II 5.2 p4,none stated in the documents,,,medium: verbatim; the peak hourly flow it is sized for is questioned (I-FLOWS),n/a (text layer),proposed (not reviewed),n/a,VOL-II:5.2 (VOL-II p4; text layer); VOL-II:T2-6/2-6.2 (VOL-II p3; text layer),I-FLOWS,
VOL-II-5.2-02,proposed (existing row; not changed by this run; not reviewed),VOL-II:5.2,technical_design; transmission_main; hydraulics,Minimum residual head of 15 m at the delivery point,The main shall be sized for the peak hourly flow in Table 2-6 with a maximum velocity of 2.0 m/s and a minimum residual head of 15 m at the delivery point.,The main shall be sized for the peak hourly flow in Table 2-6 with a maximum velocity of 2.0 m/s and a minimum residual head of 15 m at the delivery point.,a minimum residual head of 15 m at the delivery point,VOL-II 5.2 p4,VOL-II 5.2 p4,scored,Technical,Technical lead,EV-TECH-PROPOSAL,ACTIVE,ACTIVE,ACTIVE,ACTIVE,VOL-II 5.2 p4,VOL-II 5.2 p4,VOL-II 5.2 p4,VOL-II 5.2 p4,none stated in the documents,,,"medium: verbatim; the delivery point is shown only on Drawing 03-C-114, which is not supplied",n/a (text layer),proposed (not reviewed),n/a,VOL-II:5.2 (VOL-II p4; text layer),I-VOL-III,
VOL-II-5.3-01,proposed (existing row; not changed by this run; not reviewed),VOL-II:5.3,technical_design; transmission_main; materials,"Main of internally lined, externally protected ductile iron; other materials only with a whole-life cost comparison","The main shall be of ductile iron to the relevant international standard, internally lined and externally protected, with a minimum nominal diameter of DN1200. Alternative materials will be considered only where supported by a whole-life cost comparison.","The main shall be of ductile iron to the relevant international standard, internally lined and externally protected, with a minimum nominal diameter of DN1200. Alternative materials will be considered only where supported by a whole-life cost comparison. Glass reinforced plastic pipe of an equivalent pressure class is acceptable for the buried sections of the transmission main, subject to the whole-life cost comparison required by this Clause.","Glass reinforced plastic pipe of an equivalent pressure class is acceptable for the buried sections of the transmission main, subject to the whole-life cost comparison required by this Clause.",ADD-01 5.1 p1 (amending VOL-II 5.3),VOL-II 5.3 p4 <- ADD-01/5.1,scored,Technical,Technical lead,EV-TECH-PROPOSAL,ACTIVE,AMENDED (ADD-01/5.1),ACTIVE (as amended by ADD-01/5.1),ACTIVE (as amended by ADD-01/5.1),VOL-II 5.3 p4,ADD-01 5.1 p1 (amending VOL-II 5.3),ADD-01 5.1 p1 (amending VOL-II 5.3),ADD-01 5.1 p1 (amending VOL-II 5.3),none stated in the documents,,,high: verbatim at each stage; the applicable international standard is not named,n/a (text layer),proposed (not reviewed),ADD-01/5.1: proposed,VOL-II:5.3 (VOL-II p4; text layer); ADD-01/5.1 [ADD-01; proposed] <- ADD-01:5.1 (ADD-01 p1),,
VOL-II-5.3-02,proposed (existing row; not changed by this run; not reviewed),VOL-II:5.3,technical_design; transmission_main,Main of minimum nominal diameter DN1200,"The main shall be of ductile iron to the relevant international standard, internally lined and externally protected, with a minimum nominal diameter of DN1200. Alternative materials will be considered only where supported by a whole-life cost comparison.","The main shall be of ductile iron to the relevant international standard, internally lined and externally protected, with a minimum nominal diameter of DN1200. Alternative materials will be considered only where supported by a whole-life cost comparison. Glass reinforced plastic pipe of an equivalent pressure class is acceptable for the buried sections of the transmission main, subject to the whole-life cost comparison required by this Clause.",with a minimum nominal diameter of DN1200,VOL-II 5.3 p4 as amended by ADD-01 5.1 p1,VOL-II 5.3 p4 <- ADD-01/5.1,scored,Technical,Technical lead,EV-TECH-PROPOSAL,ACTIVE,AMENDED (ADD-01/5.1),ACTIVE (as amended by ADD-01/5.1),ACTIVE (as amended by ADD-01/5.1),VOL-II 5.3 p4,VOL-II 5.3 p4 as amended by ADD-01 5.1 p1,VOL-II 5.3 p4 as amended by ADD-01 5.1 p1,VOL-II 5.3 p4 as amended by ADD-01 5.1 p1,none stated in the documents,,,high: verbatim text-layer clause,n/a (text layer),proposed (not reviewed),ADD-01/5.1: proposed,VOL-II:5.3 (VOL-II p4; text layer); ADD-01/5.1 [ADD-01; proposed] <- ADD-01:5.1 (ADD-01 p1),,
VOL-II-5.4-01,proposed (existing row; not changed by this run; not reviewed),VOL-II:5.4,technical_design; transmission_main; crossings,Execute the three road crossings and the wadi crossing by trenchless methods,Three (3) road crossings and one (1) wadi crossing shall be executed by trenchless methods. Crossing permits shall be obtained by the Project Company.,Three (3) road crossings and one (1) wadi crossing shall be executed by trenchless methods. Crossing permits shall be obtained by the Project Company.,Three (3) road crossings and one (1) wadi crossing shall be executed by trenchless methods.,VOL-II 5.4 p4,VOL-II 5.4 p4,scored,Technical,Technical lead,EV-TECH-PROPOSAL,ACTIVE,ACTIVE,ACTIVE,ACTIVE,VOL-II 5.4 p4,VOL-II 5.4 p4,VOL-II 5.4 p4,VOL-II 5.4 p4,none stated in the documents,,,"high: verbatim; ground conditions at the wadi crossing are the Bidder's risk (ADD-01 Q4) and the geotechnical report is in the data room, not the pack",n/a (text layer),proposed (not reviewed),n/a,VOL-II:5.4 (VOL-II p4; text layer),I-VOL-II-MISSING,
VOL-II-5.4-02,proposed (existing row; not changed by this run; not reviewed),VOL-II:5.4,permits; transmission_main; crossings,Obtain the crossing permits,Three (3) road crossings and one (1) wadi crossing shall be executed by trenchless methods. Crossing permits shall be obtained by the Project Company.,Three (3) road crossings and one (1) wadi crossing shall be executed by trenchless methods. Crossing permits shall be obtained by the Project Company.,Crossing permits shall be obtained by the Project Company.,VOL-II 5.4 p4,VOL-II 5.4 p4,scored,Technical,Technical lead,EV-TECH-PROPOSAL,ACTIVE,ACTIVE,ACTIVE,ACTIVE,VOL-II 5.4 p4,VOL-II 5.4 p4,VOL-II 5.4 p4,VOL-II 5.4 p4,none stated in the documents,,,high: verbatim text-layer clause,n/a (text layer),proposed (not reviewed),n/a,VOL-II:5.4 (VOL-II p4; text layer),,
VOL-II-5.5-01,proposed (existing row; not changed by this run; not reviewed),VOL-II:5.5,technical_design; civil; seismic,Design permanent civil structures for a seismic event with a 475-year return period,All permanent civil structures shall be designed for a seismic event with a return period of 475 years and for a flood with a return period of 100 years.,All permanent civil structures shall be designed for a seismic event with a return period of 475 years and for a flood with a return period of 100 years.,designed for a seismic event with a return period of 475 years,VOL-II 5.5 p4,VOL-II 5.5 p4,scored,Technical,Technical lead,EV-TECH-PROPOSAL,ACTIVE,ACTIVE,ACTIVE,ACTIVE,VOL-II 5.5 p4,VOL-II 5.5 p4,VOL-II 5.5 p4,VOL-II 5.5 p4,none stated in the documents,,,high: verbatim text-layer clause,n/a (text layer),proposed (not reviewed),n/a,VOL-II:5.5 (VOL-II p4; text layer),,
VOL-II-5.5-02,proposed (existing row; not changed by this run; not reviewed),VOL-II:5.5,technical_design; civil; flood,Design permanent civil structures for a flood with a 100-year return period,All permanent civil structures shall be designed for a seismic event with a return period of 475 years and for a flood with a return period of 100 years.,All permanent civil structures shall be designed for a seismic event with a return period of 475 years and for a flood with a return period of 100 years.,for a flood with a return period of 100 years,VOL-II 5.5 p4,VOL-II 5.5 p4,scored,Technical,Technical lead,EV-TECH-PROPOSAL,ACTIVE,ACTIVE,ACTIVE,ACTIVE,VOL-II 5.5 p4,VOL-II 5.5 p4,VOL-II 5.5 p4,VOL-II 5.5 p4,none stated in the documents,,,high: verbatim text-layer clause,n/a (text layer),proposed (not reviewed),n/a,VOL-II:5.5 (VOL-II p4; text layer),,
VOL-II-6.1-01,proposed (existing row; not changed by this run; not reviewed),VOL-II:6.1,technical_design; scada,SCADA system capable of unattended operation of the whole Facility,"The Facility shall be provided with a SCADA system capable of unattended operation of the whole Facility, with a permanently manned central control room.","The Facility shall be provided with a SCADA system capable of unattended operation of the whole Facility, with a permanently manned central control room.",The Facility shall be provided with a SCADA system capable of unattended operation of the whole Facility,VOL-II 6.1 p4,VOL-II 6.1 p4,scored,Technical,Technical lead,EV-TECH-PROPOSAL,ACTIVE,ACTIVE,ACTIVE,ACTIVE,VOL-II 6.1 p4,VOL-II 6.1 p4,VOL-II 6.1 p4,VOL-II 6.1 p4,none stated in the documents,,,high: verbatim text-layer clause,n/a (text layer),proposed (not reviewed),n/a,VOL-II:6.1 (VOL-II p4; text layer),,
VOL-II-6.1-02,proposed (existing row; not changed by this run; not reviewed),VOL-II:6.1,technical_design; scada; staffing,A permanently manned central control room,"The Facility shall be provided with a SCADA system capable of unattended operation of the whole Facility, with a permanently manned central control room.","The Facility shall be provided with a SCADA system capable of unattended operation of the whole Facility, with a permanently manned central control room.",with a permanently manned central control room,VOL-II 6.1 p4,VOL-II 6.1 p4,scored,Operations,O&M lead,EV-TECH-PROPOSAL,ACTIVE,ACTIVE,ACTIVE,ACTIVE,VOL-II 6.1 p4,VOL-II 6.1 p4,VOL-II 6.1 p4,VOL-II 6.1 p4,none stated in the documents,,,high: verbatim text-layer clause,n/a (text layer),proposed (not reviewed),n/a,VOL-II:6.1 (VOL-II p4; text layer),,
VOL-II-6.2-01,proposed (existing row; not changed by this run; not reviewed),VOL-II:6.2,technical_design; cyber_security,"Control system segregated from any business network by a DMZ, with one-way data flow to the Authority's monitoring interface",The industrial control system shall be segregated from any business network by a demilitarised zone with unidirectional data flow to the Authority's monitoring interface.,The industrial control system shall be segregated from any business network by a demilitarised zone with unidirectional data flow to the Authority's monitoring interface.,The industrial control system shall be segregated from any business network by a demilitarised zone with unidirectional data flow to the Authority's monitoring interface.,VOL-II 6.2 p4,VOL-II 6.2 p4,scored,Technical,Technical lead,EV-TECH-PROPOSAL,ACTIVE,ACTIVE,ACTIVE,ACTIVE,VOL-II 6.2 p4,VOL-II 6.2 p4,VOL-II 6.2 p4,VOL-II 6.2 p4,none stated in the documents,,,high: verbatim text-layer clause; Form 4-G undertaking 1 (ADD-02) restates this segregation,n/a (text layer),proposed (not reviewed),n/a,VOL-II:6.2 (VOL-II p4; text layer),,
VOL-II-6.3-01,proposed (existing row; not changed by this run; not reviewed),VOL-II:6.3,technical_design; cyber_security,Implement and maintain an information security management system covering the operational technology environment,"The Project Company shall implement and maintain an information security management system covering the operational technology environment, and shall submit its security architecture for the Authority's review prior to commissioning.","The Project Company shall implement and maintain an information security management system covering the operational technology environment, and shall submit its security architecture for the Authority's review prior to commissioning.",shall implement and maintain an information security management system covering the operational technology environment,VOL-II 6.3 p4,VOL-II 6.3 p4,scored,Technical,Technical lead,EV-TECH-PROPOSAL,ACTIVE,ACTIVE,ACTIVE,ACTIVE,VOL-II 6.3 p4,VOL-II 6.3 p4,VOL-II 6.3 p4,VOL-II 6.3 p4,none stated in the documents,,,high: verbatim text-layer clause; Form 4-G undertakings 3-6 (ADD-02) add cyber obligations not in this clause (I-F4G-NO),n/a (text layer),proposed (not reviewed),n/a,VOL-II:6.3 (VOL-II p4; text layer),,
VOL-II-6.3-02,proposed (existing row; not changed by this run; not reviewed),VOL-II:6.3,cyber_security; submission_to_authority,Submit the security architecture for the Authority's review before commissioning,"The Project Company shall implement and maintain an information security management system covering the operational technology environment, and shall submit its security architecture for the Authority's review prior to commissioning.","The Project Company shall implement and maintain an information security management system covering the operational technology environment, and shall submit its security architecture for the Authority's review prior to commissioning.",shall submit its security architecture for the Authority's review prior to commissioning,VOL-II 6.3 p4,VOL-II 6.3 p4,scored,Technical,Technical lead,EV-TECH-PROPOSAL,ACTIVE,ACTIVE,ACTIVE,ACTIVE,VOL-II 6.3 p4,VOL-II 6.3 p4,VOL-II 6.3 p4,VOL-II 6.3 p4,none stated in the documents,,VOL-II-SECURITY-ARCHITECTURE-DUE: None (unknown_anchor),high: verbatim text-layer clause,n/a (text layer),proposed (not reviewed),n/a,VOL-II:6.3 (VOL-II p4; text layer),,
VOL-II-6.4-01,proposed (existing row; not changed by this run; not reviewed),VOL-II:6.4,operations; data_retention,Retain all process data for at least seven years,All process data shall be retained for not less than seven (7) years and shall be made available to the Authority on demand in a non-proprietary format.,All process data shall be retained for not less than seven (7) years and shall be made available to the Authority on demand in a non-proprietary format.,All process data shall be retained for not less than seven (7) years,VOL-II 6.4 p4,VOL-II 6.4 p4,scored,Technical,Technical lead,EV-TECH-PROPOSAL,ACTIVE,ACTIVE,ACTIVE,ACTIVE,VOL-II 6.4 p4,VOL-II 6.4 p4,VOL-II 6.4 p4,VOL-II 6.4 p4,none stated in the documents,,,high: verbatim text-layer clause,n/a (text layer),proposed (not reviewed),n/a,VOL-II:6.4 (VOL-II p4; text layer),,
VOL-II-6.4-02,proposed (existing row; not changed by this run; not reviewed),VOL-II:6.4,operations; data_access,Make process data available to the Authority on demand in a non-proprietary format,All process data shall be retained for not less than seven (7) years and shall be made available to the Authority on demand in a non-proprietary format.,All process data shall be retained for not less than seven (7) years and shall be made available to the Authority on demand in a non-proprietary format.,shall be made available to the Authority on demand in a non-proprietary format,VOL-II 6.4 p4,VOL-II 6.4 p4,scored,Technical,Technical lead,EV-TECH-PROPOSAL,ACTIVE,ACTIVE,ACTIVE,ACTIVE,VOL-II 6.4 p4,VOL-II 6.4 p4,VOL-II 6.4 p4,VOL-II 6.4 p4,none stated in the documents,,,high: verbatim text-layer clause,n/a (text layer),proposed (not reviewed),n/a,VOL-II:6.4 (VOL-II p4; text layer),,
VOL-II-7.1-01,proposed (existing row; not changed by this run; not reviewed),VOL-II:7.1,commissioning; testing,"Carry out FAT, SAT and integrated process commissioning under a commissioning plan approved by the Authority","The Project Company shall carry out factory acceptance testing, site acceptance testing, and integrated process commissioning in accordance with a commissioning plan approved by the Authority.","The Project Company shall carry out factory acceptance testing, site acceptance testing, and integrated process commissioning in accordance with a commissioning plan approved by the Authority.","shall carry out factory acceptance testing, site acceptance testing, and integrated process commissioning in accordance with a commissioning plan approved by the Authority",VOL-II 7.1 p4,VOL-II 7.1 p4,scored,Technical,Technical lead,EV-TECH-PROPOSAL,ACTIVE,ACTIVE,ACTIVE,ACTIVE,VOL-II 7.1 p4,VOL-II 7.1 p4,VOL-II 7.1 p4,VOL-II 7.1 p4,none stated in the documents,,,high: verbatim text-layer clause,n/a (text layer),proposed (not reviewed),n/a,VOL-II:7.1 (VOL-II p4; text layer),,
VOL-II-7.2-01,proposed (existing row; not changed by this run; not reviewed),VOL-II:7.2,commissioning; pcod; reliability_run; effluent,Before PCOD: a 30-day continuous reliability run at 90% or more of nominal capacity meeting every Table 2-4 parameter,"PCOD shall not be certified until the Facility has completed a continuous reliability run of thirty (30) days at not less than 90% of nominal capacity, during which every parameter in Table 2-4 has been met.","PCOD shall not be certified until the Facility has completed a continuous reliability run of thirty (30) days at not less than 90% of nominal capacity, during which every parameter in Table 2-4 has been met.","PCOD shall not be certified until the Facility has completed a continuous reliability run of thirty (30) days at not less than 90% of nominal capacity, during which every parameter in Table 2-4 has been met.",VOL-II 7.2 p4,VOL-II 7.2 p4,scored,Technical,Process engineer,EV-TECH-PROPOSAL,ACTIVE,ACTIVE,ACTIVE,ACTIVE,VOL-II 7.2 p4,VOL-II 7.2 p4,VOL-II 7.2 p4,VOL-II 7.2 p4,"contractual remedy (post-award): ""A failure of any Table 2-4 parameter during the reliability run shall restart the run in full.""",VOL-II 7.3 p4,,"medium: verbatim; every Table 2-4 parameter is an image reading (transcription confirmed by the owner, 3 Oct 2026), and TN is amended by ADD-02 5.1 (row VOL-II-T2-4-TN)",n/a (text layer),proposed (not reviewed),n/a,VOL-II:7.2 (VOL-II p4; text layer),I-READING-T24; I-PERMIT,<- REL-T24-RELIABILITY-RUN [confirmed limit_applies] from VOL-II:T2-4; REACHED at ADD-02 (confirmed dependency): from VOL-II:T2-4 via REL-T24-RELIABILITY-RUN
VOL-II-7.4-01,proposed (existing row; not changed by this run; not reviewed),VOL-II:7.4,commissioning; documentation; post_pcod,"Provide as-built documents, O&M manuals and an asset register in the Authority's standard format within 60 days after PCOD","The Project Company shall provide as-built documentation, operation and maintenance manuals, and an asset register in the Authority's standard format not later than sixty (60) days after PCOD.","The Project Company shall provide as-built documentation, operation and maintenance manuals, and an asset register in the Authority's standard format not later than sixty (60) days after PCOD.","shall provide as-built documentation, operation and maintenance manuals, and an asset register in the Authority's standard format not later than sixty (60) days after PCOD",VOL-II 7.4 p5,VOL-II 7.4 p5,scored,Technical,Technical lead,EV-TECH-PROPOSAL,ACTIVE,ACTIVE,ACTIVE,ACTIVE,VOL-II 7.4 p5,VOL-II 7.4 p5,VOL-II 7.4 p5,VOL-II 7.4 p5,none stated in the documents,,VOL-II-AS-BUILT-DUE: None (unknown_anchor),medium: verbatim; the Authority's standard format is not in the pack; PCOD is not a pack event,n/a (text layer),proposed (not reviewed),n/a,VOL-II:7.4 (VOL-II p5; text layer),I-VOL-II-MISSING,
VOL-II-8.1-01,proposed (existing row; not changed by this run; not reviewed),VOL-II:8.1,operations; maintenance; spares,Hold spares for two years of normal operation for all items with a lead time over 12 weeks,The Project Company shall hold a spare parts inventory sufficient for two (2) years of normal operation for all items with a lead time exceeding twelve (12) weeks.,The Project Company shall hold a spare parts inventory sufficient for two (2) years of normal operation for all items with a lead time exceeding twelve (12) weeks.,shall hold a spare parts inventory sufficient for two (2) years of normal operation for all items with a lead time exceeding twelve (12) weeks,VOL-II 8.1 p5,VOL-II 8.1 p5,scored,Operations,O&M lead,EV-TECH-PROPOSAL,ACTIVE,ACTIVE,ACTIVE,ACTIVE,VOL-II 8.1 p5,VOL-II 8.1 p5,VOL-II 8.1 p5,VOL-II 8.1 p5,none stated in the documents,,,high: verbatim text-layer clause,n/a (text layer),proposed (not reviewed),n/a,VOL-II:8.1 (VOL-II p5; text layer),,
VOL-II-8.2-01,proposed (existing row; not changed by this run; not reviewed),VOL-II:8.2,operations; maintenance; cmms,Implement a computerised maintenance management system before PCOD and keep it in use for the concession period,A computerised maintenance management system shall be implemented before PCOD and shall remain in use for the concession period.,A computerised maintenance management system shall be implemented before PCOD and shall remain in use for the concession period.,A computerised maintenance management system shall be implemented before PCOD and shall remain in use for the concession period.,VOL-II 8.2 p5,VOL-II 8.2 p5,scored,Operations,O&M lead,EV-TECH-PROPOSAL,ACTIVE,ACTIVE,ACTIVE,ACTIVE,VOL-II 8.2 p5,VOL-II 8.2 p5,VOL-II 8.2 p5,VOL-II 8.2 p5,none stated in the documents,,VOL-II-CMMS-BY-PCOD: None (unknown_anchor),high: verbatim text-layer clause; PCOD is not a pack event,n/a (text layer),proposed (not reviewed),n/a,VOL-II:8.2 (VOL-II p5; text layer),,
VOL-II-8.3-01,proposed (existing row; not changed by this run; not reviewed),VOL-II:8.3,operations; staffing,Employ a suitably qualified plant manager,The Project Company shall employ a suitably qualified plant manager and shall maintain a minimum of two (2) certified operators on shift at all times.,The Project Company shall employ a suitably qualified plant manager and shall maintain a minimum of two (2) certified operators on shift at all times.,shall employ a suitably qualified plant manager,VOL-II 8.3 p5,VOL-II 8.3 p5,scored,Operations,O&M lead,EV-TECH-PROPOSAL,ACTIVE,ACTIVE,ACTIVE,ACTIVE,VOL-II 8.3 p5,VOL-II 8.3 p5,VOL-II 8.3 p5,VOL-II 8.3 p5,none stated in the documents,,,high: verbatim text-layer clause; 'suitably qualified' is not defined,n/a (text layer),proposed (not reviewed),n/a,VOL-II:8.3 (VOL-II p5; text layer),,
VOL-II-8.3-02,proposed (existing row; not changed by this run; not reviewed),VOL-II:8.3,operations; staffing,At least two certified operators on shift at all times,The Project Company shall employ a suitably qualified plant manager and shall maintain a minimum of two (2) certified operators on shift at all times.,The Project Company shall employ a suitably qualified plant manager and shall maintain a minimum of two (2) certified operators on shift at all times.,shall maintain a minimum of two (2) certified operators on shift at all times,VOL-II 8.3 p5,VOL-II 8.3 p5,scored,Operations,O&M lead,EV-TECH-PROPOSAL,ACTIVE,ACTIVE,ACTIVE,ACTIVE,VOL-II 8.3 p5,VOL-II 8.3 p5,VOL-II 8.3 p5,VOL-II 8.3 p5,none stated in the documents,,,high: verbatim text-layer clause,n/a (text layer),proposed (not reviewed),n/a,VOL-II:8.3 (VOL-II p5; text layer),,
VOL-II-8.4-01,proposed (existing row; not changed by this run; not reviewed),VOL-II:8.4,operations; sludge,Dewater sludge to at least 22% dry solids,Sludge shall be dewatered to not less than 22% dry solids and shall be disposed of or reused in accordance with the applicable regulations. Disposal to landfill of sludge exceeding 500 tonnes per annum shall require the Authority's prior written consent.,Sludge shall be dewatered to not less than 22% dry solids and shall be disposed of or reused in accordance with the applicable regulations. Disposal to landfill of sludge exceeding 500 tonnes per annum shall require the Authority's prior written consent.,Sludge shall be dewatered to not less than 22% dry solids,VOL-II 8.4 p5,VOL-II 8.4 p5,scored,Technical,Process engineer,EV-TECH-PROPOSAL,ACTIVE,ACTIVE,ACTIVE,ACTIVE,VOL-II 8.4 p5,VOL-II 8.4 p5,VOL-II 8.4 p5,VOL-II 8.4 p5,none stated in the documents,,,high: verbatim text-layer clause,n/a (text layer),proposed (not reviewed),n/a,VOL-II:8.4 (VOL-II p5; text layer),,
VOL-II-8.4-02,proposed (existing row; not changed by this run; not reviewed),VOL-II:8.4,operations; sludge; environmental_compliance,Dispose of or reuse sludge under the applicable regulations; landfill over 500 t/a only with the Authority's prior written consent,Sludge shall be dewatered to not less than 22% dry solids and shall be disposed of or reused in accordance with the applicable regulations. Disposal to landfill of sludge exceeding 500 tonnes per annum shall require the Authority's prior written consent.,Sludge shall be dewatered to not less than 22% dry solids and shall be disposed of or reused in accordance with the applicable regulations. Disposal to landfill of sludge exceeding 500 tonnes per annum shall require the Authority's prior written consent.,shall be disposed of or reused in accordance with the applicable regulations,VOL-II 8.4 p5,VOL-II 8.4 p5,scored,Environmental,Environmental lead,EV-TECH-PROPOSAL,ACTIVE,ACTIVE,ACTIVE,ACTIVE,VOL-II 8.4 p5,VOL-II 8.4 p5,VOL-II 8.4 p5,VOL-II 8.4 p5,none stated in the documents,,,high: verbatim text-layer clause,n/a (text layer),proposed (not reviewed),n/a,VOL-II:8.4 (VOL-II p5; text layer),,
VOL-II-8.5-01,proposed (existing row; not changed by this run; not reviewed),VOL-II:8.5,handback; survey,Carry out a handback condition survey in the final two years of the concession,"A handback condition survey shall be carried out in the final two (2) years of the concession, and any remedial works identified shall be completed before transfer.","A handback condition survey shall be carried out in the final two (2) years of the concession, and any remedial works identified shall be completed before transfer.",A handback condition survey shall be carried out in the final two (2) years of the concession,VOL-II 8.5 p5,VOL-II 8.5 p5,scored,Operations,O&M lead,EV-TECH-PROPOSAL,ACTIVE,ACTIVE,ACTIVE,ACTIVE,VOL-II 8.5 p5,VOL-II 8.5 p5,VOL-II 8.5 p5,VOL-II 8.5 p5,none stated in the documents,,VOL-II-HANDBACK-SURVEY-WINDOW: None (unknown_anchor),medium: verbatim; when the concession ends depends on whether the term runs from the Effective Date or PCOD,n/a (text layer),proposed (not reviewed),n/a,VOL-II:8.5 (VOL-II p5; text layer),I-CONCESSION,
VOL-II-8.5-02,proposed (existing row; not changed by this run; not reviewed),VOL-II:8.5,handback; remedial_works,Complete the remedial works the handback survey identifies before transfer,"A handback condition survey shall be carried out in the final two (2) years of the concession, and any remedial works identified shall be completed before transfer.","A handback condition survey shall be carried out in the final two (2) years of the concession, and any remedial works identified shall be completed before transfer.",any remedial works identified shall be completed before transfer,VOL-II 8.5 p5,VOL-II 8.5 p5,scored,Operations,O&M lead,EV-TECH-PROPOSAL,ACTIVE,ACTIVE,ACTIVE,ACTIVE,VOL-II 8.5 p5,VOL-II 8.5 p5,VOL-II 8.5 p5,VOL-II 8.5 p5,none stated in the documents,,VOL-II-HANDBACK-REMEDIALS-DUE: None (unknown_anchor),medium: verbatim; the transfer date depends on the concession term start,n/a (text layer),proposed (not reviewed),n/a,VOL-II:8.5 (VOL-II p5; text layer),I-CONCESSION,
VOL-II-9.1-01,proposed (existing row; not changed by this run; not reviewed),VOL-II:9.1,environmental_social; esia,Comply with the Environmental and Social Impact Assessment for the site (in the data room),"The Project Company shall comply with the Environmental and Social Impact Assessment prepared for the site and available in the data room, and shall prepare an Environmental and Social Management Plan aligned with the International Finance Corporation Performance Standards.","The Project Company shall comply with the Environmental and Social Impact Assessment prepared for the site and available in the data room, and shall prepare an Environmental and Social Management Plan aligned with the International Finance Corporation Performance Standards.",shall comply with the Environmental and Social Impact Assessment prepared for the site and available in the data room,VOL-II 9.1 p5,VOL-II 9.1 p5,scored,Environmental,Environmental lead,EV-TECH-PROPOSAL,ACTIVE,ACTIVE,ACTIVE,ACTIVE,VOL-II 9.1 p5,VOL-II 9.1 p5,VOL-II 9.1 p5,VOL-II 9.1 p5,none stated in the documents,,,"medium: verbatim; the ESIA is in the data room, not in the pack, so what compliance requires cannot be read here",n/a (text layer),proposed (not reviewed),n/a,VOL-II:9.1 (VOL-II p5; text layer),I-VOL-II-MISSING,
VOL-II-9.1-02,proposed (existing row; not changed by this run; not reviewed),VOL-II:9.1,environmental_social; esmp,Prepare an Environmental and Social Management Plan aligned with the IFC Performance Standards,"The Project Company shall comply with the Environmental and Social Impact Assessment prepared for the site and available in the data room, and shall prepare an Environmental and Social Management Plan aligned with the International Finance Corporation Performance Standards.","The Project Company shall comply with the Environmental and Social Impact Assessment prepared for the site and available in the data room, and shall prepare an Environmental and Social Management Plan aligned with the International Finance Corporation Performance Standards.",shall prepare an Environmental and Social Management Plan aligned with the International Finance Corporation Performance Standards,VOL-II 9.1 p5,VOL-II 9.1 p5,scored,Environmental,Environmental lead,EV-TECH-PROPOSAL,ACTIVE,ACTIVE,ACTIVE,ACTIVE,VOL-II 9.1 p5,VOL-II 9.1 p5,VOL-II 9.1 p5,VOL-II 9.1 p5,none stated in the documents,,,high: verbatim text-layer clause,n/a (text layer),proposed (not reviewed),n/a,VOL-II:9.1 (VOL-II p5; text layer),,
VOL-II-9.2-01,proposed (existing row; not changed by this run; not reviewed),VOL-II:9.2,environmental_social; permits,Obtain environmental clearance from the national environmental regulator before construction starts,Environmental clearance shall be obtained from the competent national environmental regulator before commencement of construction.,Environmental clearance shall be obtained from the competent national environmental regulator before commencement of construction.,Environmental clearance shall be obtained from the competent national environmental regulator before commencement of construction.,VOL-II 9.2 p5,VOL-II 9.2 p5,scored,Environmental,Environmental lead,EV-TECH-PROPOSAL,ACTIVE,ACTIVE,ACTIVE,ACTIVE,VOL-II 9.2 p5,VOL-II 9.2 p5,VOL-II 9.2 p5,VOL-II 9.2 p5,none stated in the documents,,VOL-II-ENV-CLEARANCE-DUE: None (unknown_anchor),high: verbatim text-layer clause; the regulator is not named,n/a (text layer),proposed (not reviewed),n/a,VOL-II:9.2 (VOL-II p5; text layer),,
VOL-II-9.3-01,proposed (existing row; not changed by this run; not reviewed),VOL-II:9.3,environmental_social; grievance,Set up a grievance mechanism for the affected community before construction and keep it for the concession period,A grievance mechanism accessible to the affected community shall be established before construction and maintained for the concession period.,A grievance mechanism accessible to the affected community shall be established before construction and maintained for the concession period.,A grievance mechanism accessible to the affected community shall be established before construction and maintained for the concession period.,VOL-II 9.3 p5,VOL-II 9.3 p5,scored,Environmental,Environmental lead,EV-TECH-PROPOSAL,ACTIVE,ACTIVE,ACTIVE,ACTIVE,VOL-II 9.3 p5,VOL-II 9.3 p5,VOL-II 9.3 p5,VOL-II 9.3 p5,none stated in the documents,,VOL-II-GRIEVANCE-DUE: None (unknown_anchor),high: verbatim text-layer clause,n/a (text layer),proposed (not reviewed),n/a,VOL-II:9.3 (VOL-II p5; text layer),,
VOL-II-9.4-01,proposed (existing row; not changed by this run; not reviewed),VOL-II:9.4,environmental_social; water,Do not abstract construction water from the local aquifer; use tankered supply or treated effluent,Construction water shall not be abstracted from the local aquifer. The Project Company shall source construction water from tankered supply or treated effluent.,Construction water shall not be abstracted from the local aquifer. The Project Company shall source construction water from tankered supply or treated effluent.,Construction water shall not be abstracted from the local aquifer.,VOL-II 9.4 p5,VOL-II 9.4 p5,scored,Environmental,Environmental lead,EV-TECH-PROPOSAL,ACTIVE,ACTIVE,ACTIVE,ACTIVE,VOL-II 9.4 p5,VOL-II 9.4 p5,VOL-II 9.4 p5,VOL-II 9.4 p5,none stated in the documents,,,high: verbatim text-layer clause,n/a (text layer),proposed (not reviewed),n/a,VOL-II:9.4 (VOL-II p5; text layer),,
VOL-II-9.5-01,proposed (existing row; not changed by this run; not reviewed),VOL-II:9.5,environmental_social; reporting,Report environmental and social performance to the Authority quarterly during construction and annually after,The Project Company shall report environmental and social performance to the Authority quarterly during construction and annually thereafter.,The Project Company shall report environmental and social performance to the Authority quarterly during construction and annually thereafter.,shall report environmental and social performance to the Authority quarterly during construction and annually thereafter,VOL-II 9.5 p5,VOL-II 9.5 p5,scored,Environmental,Environmental lead,EV-TECH-PROPOSAL,ACTIVE,ACTIVE,ACTIVE,ACTIVE,VOL-II 9.5 p5,VOL-II 9.5 p5,VOL-II 9.5 p5,VOL-II 9.5 p5,none stated in the documents,,,high: verbatim text-layer clause,n/a (text layer),proposed (not reviewed),n/a,VOL-II:9.5 (VOL-II p5; text layer),,
VOL-IV-FORMS-01,proposed (existing row; not changed by this run; not reviewed),VOL-IV:cover/para5,forms; wording,Reproduce every Form without alteration to its wording,Forms shall be reproduced without alteration to their wording. A Bidder that alters the wording of a Form does so at its own risk.,Forms shall be reproduced without alteration to their wording. A Bidder that alters the wording of a Form does so at its own risk.,Forms shall be reproduced without alteration to their wording.,VOL-IV cover/para5 p2,VOL-IV cover/para5 p2,procedural,Bid management,Bid manager,none: a rule on how each Form is reproduced; the Forms themselves are the deliverables of their own rows,ACTIVE,ACTIVE,ACTIVE,ACTIVE,VOL-IV cover/para5 p2,VOL-IV cover/para5 p2,VOL-IV cover/para5 p2,VOL-IV cover/para5 p2,"lesser consequence: ""A Bidder that alters the wording of a Form does so at its own risk.""",VOL-IV cover/para5 p2,,high: verbatim; 'at its own risk' does not say what the Authority will do,n/a (text layer),proposed (not reviewed),n/a,VOL-IV:cover/para5 (VOL-IV p2; text layer),I-F4A-FIELDS,
VOL-IV-F4A-02,proposed (existing row; not changed by this run; not reviewed),VOL-IV:F4-A,envelope_A; forms; reissued_form,"Complete Form 4-A (Envelope A, mandatory) in the form reissued by ADD-01 App A; VOL-I states no consequence for a blank field. Execution and its consequence (unsigned or improperly executed: non-responsive) are row VOL-I-9.3-01","[VOL-IV F4-A/name-of-bidder-lead-member p3] Name of Bidder / lead member:
[VOL-IV cover/T1/4-A p2] Form: 4-A | Title: Proposal Submission Letter | Envelope: A | Status: Mandatory
[VOL-IV F4-A/tender-reference p3] Tender reference: NUPA/ISTP/2026/014
[VOL-IV F4-A/project p3] Project: Wadi Sirhan Independent Sewage Treatment Plant
[VOL-IV F4-A/proposal-due-date p3] Proposal Due Date: 12 November 2026, 14:00 Riyadh time
[VOL-IV F4-A/commercial-registration-number p3] Commercial registration number:
[VOL-IV F4-A/registered-address p3] Registered address:
[VOL-IV F4-A/single-point-of-contact-name-title p3] Single point of contact (name, title):
[VOL-IV F4-A/contact-email-and-telephone p3] Contact email and telephone:
[VOL-IV F4-A/signature p3] Signature:
[VOL-IV F4-A/name-of-signatory p3] Name of signatory:
[VOL-IV F4-A/capacity p3] Capacity:
[VOL-IV F4-A/power-of-attorney-reference-and-date p3] Power of Attorney reference and date:
[VOL-IV F4-A/date p3] Date:
[VOL-IV F4-A/company-seal p3] Company seal:
[ADD-01 AppA/para1 p3; issued by ADD-01] (not in the volumes as issued)
[ADD-01 AppA/single-point-of-contact p3; issued by ADD-01] (not in the volumes as issued)
[ADD-01 AppA/signature-name-capacity p3; issued by ADD-01] (not in the volumes as issued)","[ADD-01 AppA/name-of-bidder-lead-member p3] Name of Bidder / lead member:
[VOL-IV cover/T1/4-A p2] Form: 4-A | Title: Proposal Submission Letter | Envelope: A | Status: Mandatory
[ADD-01 AppA/tender-reference p3] Tender reference: NUPA/ISTP/2026/014
[ADD-01 AppA/project p3] Project: Wadi Sirhan Independent Sewage Treatment Plant
[ADD-01 AppA/proposal-due-date p3] Proposal Due Date: 12 November 2026, 14:00 Riyadh time
[VOL-IV F4-A/commercial-registration-number p3] (SUPERSEDED)
[VOL-IV F4-A/registered-address p3] (SUPERSEDED)
[VOL-IV F4-A/single-point-of-contact-name-title p3] (SUPERSEDED)
[VOL-IV F4-A/contact-email-and-telephone p3] (SUPERSEDED)
[VOL-IV F4-A/signature p3] (SUPERSEDED)
[VOL-IV F4-A/name-of-signatory p3] (SUPERSEDED)
[VOL-IV F4-A/capacity p3] (SUPERSEDED)
[VOL-IV F4-A/power-of-attorney-reference-and-date p3] (SUPERSEDED)
[ADD-01 AppA/date p3] Date:
[VOL-IV F4-A/company-seal p3] (SUPERSEDED)
[ADD-01 AppA/para1 p3] Form 4-A is reissued below to add the acknowledgement of Addenda at paragraph 1. Bidders shall use this version.
[ADD-01 AppA/single-point-of-contact p3] Single point of contact:
[ADD-01 AppA/signature-name-capacity p3] Signature / name / capacity:",Name of Bidder / lead member:,"ADD-01 AppA/name-of-bidder-lead-member p3 (replacing VOL-IV F4-A/name-of-bidder-lead-member p3, ADD-01/AppA/para1)",ADD-01 AppA/name-of-bidder-lead-member p3 (issued as VOL-IV:F4-A/name-of-bidder-lead-member) <- ADD-01/AppA/para1; VOL-IV cover/T1/4-A p2; ADD-01 AppA/tender-reference p3 (issued as VOL-IV:F4-A/tender-reference) <- ADD-01/AppA/para1; ADD-01 AppA/project p3 (issued as VOL-IV:F4-A/project) <- ADD-01/AppA/para1; ADD-01 AppA/proposal-due-date p3 (issued as VOL-IV:F4-A/proposal-due-date) <- ADD-01/AppA/para1; VOL-IV F4-A/commercial-registration-number p3 <- ADD-01/AppA/para1; VOL-IV F4-A/registered-address p3 <- ADD-01/AppA/para1; VOL-IV F4-A/single-point-of-contact-name-title p3 <- ADD-01/AppA/para1; VOL-IV F4-A/contact-email-and-telephone p3 <- ADD-01/AppA/para1; VOL-IV F4-A/signature p3 <- ADD-01/AppA/para1; VOL-IV F4-A/name-of-signatory p3 <- ADD-01/AppA/para1; VOL-IV F4-A/capacity p3 <- ADD-01/AppA/para1; VOL-IV F4-A/power-of-attorney-reference-and-date p3 <- ADD-01/AppA/para1; ADD-01 AppA/date p3 (issued as VOL-IV:F4-A/date) <- ADD-01/AppA/para1; VOL-IV F4-A/company-seal p3 <- ADD-01/AppA/para1; ADD-01 AppA/para1 p3; ADD-01 AppA/single-point-of-contact p3 <- ADD-01/AppA/para1; ADD-01 AppA/signature-name-capacity p3 <- ADD-01/AppA/para1,pass_fail,Legal,Bid manager,EV-FORM-4A,ACTIVE,AMENDED (ADD-01/AppA/para1),ACTIVE (as amended by ADD-01/AppA/para1),ACTIVE (as amended by ADD-01/AppA/para1),VOL-IV F4-A/name-of-bidder-lead-member p3,"ADD-01 AppA/name-of-bidder-lead-member p3 (replacing VOL-IV F4-A/name-of-bidder-lead-member p3, ADD-01/AppA/para1)","ADD-01 AppA/name-of-bidder-lead-member p3 (replacing VOL-IV F4-A/name-of-bidder-lead-member p3, ADD-01/AppA/para1)","ADD-01 AppA/name-of-bidder-lead-member p3 (replacing VOL-IV F4-A/name-of-bidder-lead-member p3, ADD-01/AppA/para1)",none stated in the documents,,,medium: verbatim fields; the reissued form drops fields and still prints the old PDD (a decision for a person),n/a (text layer),proposed (not reviewed),ADD-01/AppA/para1: proposed,VOL-IV:F4-A/name-of-bidder-lead-member (VOL-IV p3; text layer); VOL-IV:cover/T1/4-A (VOL-IV p2; text layer); VOL-IV:F4-A/tender-reference (VOL-IV p3; text layer); VOL-IV:F4-A/project (VOL-IV p3; text layer); VOL-IV:F4-A/proposal-due-date (VOL-IV p3; text layer); VOL-IV:F4-A/commercial-registration-number (VOL-IV p3; text layer); VOL-IV:F4-A/registered-address (VOL-IV p3; text layer); VOL-IV:F4-A/single-point-of-contact-name-title (VOL-IV p3; text layer); VOL-IV:F4-A/contact-email-and-telephone (VOL-IV p3; text layer); VOL-IV:F4-A/signature (VOL-IV p3; text layer); VOL-IV:F4-A/name-of-signatory (VOL-IV p3; text layer); VOL-IV:F4-A/capacity (VOL-IV p3; text layer); VOL-IV:F4-A/power-of-attorney-reference-and-date (VOL-IV p3; text layer); VOL-IV:F4-A/date (VOL-IV p3; text layer); VOL-IV:F4-A/company-seal (VOL-IV p3; text layer); ADD-01:AppA/para1 (ADD-01 p3; text layer; issued by ADD-01); ADD-01:AppA/single-point-of-contact (ADD-01 p3; text layer; issued by ADD-01); ADD-01:AppA/signature-name-capacity (ADD-01 p3; text layer; issued by ADD-01); ADD-01/AppA/para1 [ADD-01; proposed] <- ADD-01:AppA/para1 (ADD-01 p3),I-F4A-FIELDS,
VOL-IV-F4A-03,proposed (existing row; not changed by this run; not reviewed),VOL-IV:F4-A,envelope_A; forms; confirmation; addenda_acknowledgement; dropped_in_reissue,Form 4-A para 1: acknowledge receipt of the Addenda by number and offer the Project in conformity with the RFP Documents,"1. Having examined the RFP Documents, including Addenda numbered ______ to ______, the receipt of which is hereby acknowledged, we offer to design, finance, construct, own, operate, maintain and transfer the Project in conformity with the RFP Documents.","1. Having examined the RFP Documents, including Addenda numbered ______ to ______, the receipt of which is hereby acknowledged, we offer to design, finance, construct, own, operate, maintain and transfer the Project in conformity with the RFP Documents.","the receipt of which is hereby acknowledged, we offer to design, finance, construct, own, operate, maintain and transfer the Project in conformity with the RFP Documents",VOL-IV F4-A/item1 p3,VOL-IV F4-A/item1 p3,pass_fail,Legal,Bid manager,EV-FORM-4A,ACTIVE,REPLACED (by ADD-01:AppA),REPLACED (by ADD-01:AppA),REPLACED (by ADD-01:AppA),VOL-IV F4-A/item1 p3,VOL-IV F4-A/item1 p3 as amended by ADD-01 AppA/para1 p3,VOL-IV F4-A/item1 p3 as amended by ADD-01 AppA/para1 p3,VOL-IV F4-A/item1 p3 as amended by ADD-01 AppA/para1 p3,none stated in the documents,,,medium: verbatim; dropped by the reissued form from ADD-01 (whether to give it anyway is for a person),n/a (text layer),proposed (not reviewed),ADD-01/AppA/para1: proposed,VOL-IV:F4-A/item1 (VOL-IV p3; text layer); ADD-01/AppA/para1 [ADD-01; proposed] <- ADD-01:AppA/para1 (ADD-01 p3),I-F4A-FIELDS; I-NO-CONSEQUENCE,
VOL-IV-F4A-04,proposed (existing row; not changed by this run; not reviewed),VOL-IV:F4-A,envelope_A; forms; confirmation; validity; dropped_in_reissue,Form 4-A para 2: confirm the Proposal is valid for 150 days from the Proposal Due Date,2. We confirm that this Proposal is valid for one hundred and fifty (150) days from the Proposal Due Date.,2. We confirm that this Proposal is valid for one hundred and fifty (150) days from the Proposal Due Date.,We confirm that this Proposal is valid for one hundred and fifty (150) days from the Proposal Due Date.,VOL-IV F4-A/item2 p3,VOL-IV F4-A/item2 p3,pass_fail,Commercial,Bid manager,EV-FORM-4A,ACTIVE,REPLACED (by ADD-01:AppA),REPLACED (by ADD-01:AppA),REPLACED (by ADD-01:AppA),VOL-IV F4-A/item2 p3,VOL-IV F4-A/item2 p3 as amended by ADD-01 AppA/para1 p3,VOL-IV F4-A/item2 p3 as amended by ADD-01 AppA/para1 p3,VOL-IV F4-A/item2 p3 as amended by ADD-01 AppA/para1 p3,none stated in the documents,,PROPOSAL-VALIDITY-F4A: 2027-04-25 (day0),medium: verbatim; dropped by the reissued form from ADD-01; day 0 / day 1 not stated,n/a (text layer),proposed (not reviewed),ADD-01/AppA/para1: proposed,VOL-IV:F4-A/item2 (VOL-IV p3; text layer); ADD-01/AppA/para1 [ADD-01; proposed] <- ADD-01:AppA/para1 (ADD-01 p3),I-F4A-FIELDS; I-NO-CONSEQUENCE,
VOL-IV-F4A-05,proposed (existing row; not changed by this run; not reviewed),VOL-IV:F4-A,envelope_A; forms; confirmation; bid_security; dropped_in_reissue,Form 4-A para 3: confirm the Bid Bond required by VOL-I 6.4 accompanies the Proposal,3. We confirm that the Bid Bond required by Volume I Clause 6.4 accompanies this Proposal.,3. We confirm that the Bid Bond required by Volume I Clause 6.4 accompanies this Proposal.,We confirm that the Bid Bond required by Volume I Clause 6.4 accompanies this Proposal.,VOL-IV F4-A/item3 p3,VOL-IV F4-A/item3 p3,pass_fail,Commercial,Bid manager,EV-FORM-4A,ACTIVE,REPLACED (by ADD-01:AppA),REPLACED (by ADD-01:AppA),REPLACED (by ADD-01:AppA),VOL-IV F4-A/item3 p3,VOL-IV F4-A/item3 p3 as amended by ADD-01 AppA/para1 p3,VOL-IV F4-A/item3 p3 as amended by ADD-01 AppA/para1 p3,VOL-IV F4-A/item3 p3 as amended by ADD-01 AppA/para1 p3,none stated in the documents,,,medium: verbatim; dropped by the reissued form from ADD-01,n/a (text layer),proposed (not reviewed),ADD-01/AppA/para1: proposed,VOL-IV:F4-A/item3 (VOL-IV p3; text layer); ADD-01/AppA/para1 [ADD-01; proposed] <- ADD-01:AppA/para1 (ADD-01 p3),I-F4A-FIELDS; I-NO-CONSEQUENCE,
VOL-IV-F4A-06,proposed (existing row; not changed by this run; not reviewed),VOL-IV:F4-A,envelope_A; forms; confirmation; multiple_participation; dropped_in_reissue,Form 4-A para 4: confirm no consortium member participates in any other Proposal for the Project,4. We confirm that no member of our consortium participates in any other Proposal for this Project.,4. We confirm that no member of our consortium participates in any other Proposal for this Project.,We confirm that no member of our consortium participates in any other Proposal for this Project.,VOL-IV F4-A/item4 p3,VOL-IV F4-A/item4 p3,pass_fail,Legal,Bid manager,EV-FORM-4A,ACTIVE,REPLACED (by ADD-01:AppA),REPLACED (by ADD-01:AppA),REPLACED (by ADD-01:AppA),VOL-IV F4-A/item4 p3,VOL-IV F4-A/item4 p3 as amended by ADD-01 AppA/para1 p3,VOL-IV F4-A/item4 p3 as amended by ADD-01 AppA/para1 p3,VOL-IV F4-A/item4 p3 as amended by ADD-01 AppA/para1 p3,none stated in the documents,,,medium: verbatim; dropped by the reissued form from ADD-01; the confirmation rests on bidder facts,n/a (text layer),proposed (not reviewed),ADD-01/AppA/para1: proposed,VOL-IV:F4-A/item4 (VOL-IV p3; text layer); ADD-01/AppA/para1 [ADD-01; proposed] <- ADD-01:AppA/para1 (ADD-01 p3),I-F4A-FIELDS; I-NO-CONSEQUENCE; I-BIDDER-FACTS,
VOL-IV-F4A-07,proposed (existing row; not changed by this run; not reviewed),VOL-IV:F4-A,envelope_A; forms; confirmation; pre_bid; dropped_in_reissue,Form 4-A para 5: confirm attendance at the Pre-Bid Conference held under VOL-I 5.4,5. We confirm that we attended the Pre-Bid Conference held under Volume I Clause 5.4.,5. We confirm that we attended the Pre-Bid Conference held under Volume I Clause 5.4.,We confirm that we attended the Pre-Bid Conference held under Volume I Clause 5.4.,VOL-IV F4-A/item5 p3,VOL-IV F4-A/item5 p3,pass_fail,Bid management,Bid manager,EV-FORM-4A,ACTIVE,REPLACED (by ADD-01:AppA),REPLACED (by ADD-01:AppA),REPLACED (by ADD-01:AppA),VOL-IV F4-A/item5 p3,VOL-IV F4-A/item5 p3 as amended by ADD-01 AppA/para1 p3,VOL-IV F4-A/item5 p3 as amended by ADD-01 AppA/para1 p3,VOL-IV F4-A/item5 p3 as amended by ADD-01 AppA/para1 p3,none stated in the documents,,,medium: verbatim; dropped by the reissued form from ADD-01; attendance is a bidder fact,n/a (text layer),proposed (not reviewed),ADD-01/AppA/para1: proposed,VOL-IV:F4-A/item5 (VOL-IV p3; text layer); ADD-01/AppA/para1 [ADD-01; proposed] <- ADD-01:AppA/para1 (ADD-01 p3),I-F4A-FIELDS; I-NO-CONSEQUENCE; I-BIDDER-FACTS,
VOL-IV-F4B-01,proposed (existing row; not changed by this run; not reviewed),VOL-IV:F4-B,envelope_A; forms; references,"Form 4-B, one per reference project (Envelope A): complete every field, incl. the completion certificate question","[VOL-IV cover/T1/4-B p2] Form: 4-B | Title: Reference Projects Schedule | Envelope: A | Status: Mandatory (one per project)
[VOL-IV F4-B/reference-project-number p4] Reference project number: _____ of _____
[VOL-IV F4-B/project-name p4] Project name:
[VOL-IV F4-B/country-and-location p4] Country and location:
[VOL-IV F4-B/client-owner p4] Client / owner:
[VOL-IV F4-B/role-of-the-consortium-member p4] Role of the consortium member:
[VOL-IV F4-B/nominal-treatment-capacity-m3-day p4] Nominal treatment capacity (m³/day):
[VOL-IV F4-B/process-type p4] Process type:
[VOL-IV F4-B/date-of-commercial-operation-dd-mm-yyyy p4] Date of commercial operation (dd/mm/yyyy):
[VOL-IV F4-B/was-the-member-responsible-for-design p4] Was the member responsible for design?: Yes / No
[VOL-IV F4-B/was-the-member-responsible-for-construction p4] Was the member responsible for construction?: Yes / No
[VOL-IV F4-B/was-the-member-responsible-for-operation p4] Was the member responsible for operation?: Yes / No
[VOL-IV F4-B/years-of-operation-by-the-member p4] Years of operation by the member:
[VOL-IV F4-B/contract-value-sar-equivalent p4] Contract value (SAR equivalent):
[VOL-IV F4-B/client-contact-for-verification p4] Client contact for verification:
[VOL-IV F4-B/completion-certificate-attached p4] Completion certificate attached?: Yes / No","[VOL-IV cover/T1/4-B p2] Form: 4-B | Title: Reference Projects Schedule | Envelope: A | Status: Mandatory (one per project)
[VOL-IV F4-B/reference-project-number p4] Reference project number: _____ of _____
[VOL-IV F4-B/project-name p4] Project name:
[VOL-IV F4-B/country-and-location p4] Country and location:
[VOL-IV F4-B/client-owner p4] Client / owner:
[VOL-IV F4-B/role-of-the-consortium-member p4] Role of the consortium member:
[VOL-IV F4-B/nominal-treatment-capacity-m3-day p4] Nominal treatment capacity (m³/day):
[VOL-IV F4-B/process-type p4] Process type:
[VOL-IV F4-B/date-of-commercial-operation-dd-mm-yyyy p4] Date of commercial operation (dd/mm/yyyy):
[VOL-IV F4-B/was-the-member-responsible-for-design p4] Was the member responsible for design?: Yes / No
[VOL-IV F4-B/was-the-member-responsible-for-construction p4] Was the member responsible for construction?: Yes / No
[VOL-IV F4-B/was-the-member-responsible-for-operation p4] Was the member responsible for operation?: Yes / No
[VOL-IV F4-B/years-of-operation-by-the-member p4] Years of operation by the member:
[VOL-IV F4-B/contract-value-sar-equivalent p4] Contract value (SAR equivalent):
[VOL-IV F4-B/client-contact-for-verification p4] Client contact for verification:
[VOL-IV F4-B/completion-certificate-attached p4] Completion certificate attached?: Yes / No",Envelope: A | Status: Mandatory (one per project),VOL-IV cover/T1/4-B p2,VOL-IV cover/T1/4-B p2; VOL-IV F4-B/reference-project-number p4; VOL-IV F4-B/project-name p4; VOL-IV F4-B/country-and-location p4; VOL-IV F4-B/client-owner p4; VOL-IV F4-B/role-of-the-consortium-member p4; VOL-IV F4-B/nominal-treatment-capacity-m3-day p4; VOL-IV F4-B/process-type p4; VOL-IV F4-B/date-of-commercial-operation-dd-mm-yyyy p4; VOL-IV F4-B/was-the-member-responsible-for-design p4; VOL-IV F4-B/was-the-member-responsible-for-construction p4; VOL-IV F4-B/was-the-member-responsible-for-operation p4; VOL-IV F4-B/years-of-operation-by-the-member p4; VOL-IV F4-B/contract-value-sar-equivalent p4; VOL-IV F4-B/client-contact-for-verification p4; VOL-IV F4-B/completion-certificate-attached p4,pass_fail,Technical,Technical lead,EV-FORM-4B,ACTIVE,ACTIVE,ACTIVE,ACTIVE,VOL-IV cover/T1/4-B p2,VOL-IV cover/T1/4-B p2,VOL-IV cover/T1/4-B p2,VOL-IV cover/T1/4-B p2,none stated in the documents,,,medium: verbatim fields; the contract value field conflicts with VOL-I 6.2 (no commercial information in Envelope A),n/a (text layer),proposed (not reviewed),n/a,VOL-IV:cover/T1/4-B (VOL-IV p2; text layer); VOL-IV:F4-B/reference-project-number (VOL-IV p4; text layer); VOL-IV:F4-B/project-name (VOL-IV p4; text layer); VOL-IV:F4-B/country-and-location (VOL-IV p4; text layer); VOL-IV:F4-B/client-owner (VOL-IV p4; text layer); VOL-IV:F4-B/role-of-the-consortium-member (VOL-IV p4; text layer); VOL-IV:F4-B/nominal-treatment-capacity-m3-day (VOL-IV p4; text layer); VOL-IV:F4-B/process-type (VOL-IV p4; text layer); VOL-IV:F4-B/date-of-commercial-operation-dd-mm-yyyy (VOL-IV p4; text layer); VOL-IV:F4-B/was-the-member-responsible-for-design (VOL-IV p4; text layer); VOL-IV:F4-B/was-the-member-responsible-for-construction (VOL-IV p4; text layer); VOL-IV:F4-B/was-the-member-responsible-for-operation (VOL-IV p4; text layer); VOL-IV:F4-B/years-of-operation-by-the-member (VOL-IV p4; text layer); VOL-IV:F4-B/contract-value-sar-equivalent (VOL-IV p4; text layer); VOL-IV:F4-B/client-contact-for-verification (VOL-IV p4; text layer); VOL-IV:F4-B/completion-certificate-attached (VOL-IV p4; text layer),I-NO-CONSEQUENCE; I-VOL-I-ENV-A-PRICES; I-BIDDER-FACTS,
VOL-IV-F4C-01,UNRESOLVED: STALE at ADD-03 (its reading was not re-made: ADD-02:Q9 changed since ADD-02 (by ADD-03/Q15)),VOL-IV:F4-C,envelope_A; forms; arabic; declaration; image,Form 4-C declaration 1 (Arabic only): no actual or potential conflict of interest with the Authority or its advisers on this project,أولاً: أنه لا يوجد أي تضارب في المصالح، فعلي أو محتمل، بيننا وبين الهيئة أو أي من مستشاريها فيما يتعلق بهذا المشروع.,أولاً: أنه لا يوجد أي تضارب في المصالح، فعلي أو محتمل، بيننا وبين الهيئة أو أي من مستشاريها فيما يتعلق بهذا المشروع.,أنه لا يوجد أي تضارب في المصالح، فعلي أو محتمل، بيننا وبين الهيئة أو أي من مستشاريها فيما يتعلق بهذا المشروع,VOL-IV F4-C/image/decl1 p6,VOL-IV F4-C/image/decl1 p6,pass_fail,Legal,Legal counsel,EV-FORM-4C,ACTIVE,ACTIVE,ACTIVE,ACTIVE — STALE,VOL-IV F4-C/image/decl1 p6,VOL-IV F4-C/image/decl1 p6,VOL-IV F4-C/image/decl1 p6,VOL-IV F4-C/image/decl1 p6,none stated in the documents,,,"medium: from an image reading (transcription confirmed by the owner, 3 Oct 2026); translation proposed",approved,proposed (not reviewed),n/a,VOL-IV:F4-C/image/decl1 (VOL-IV p6; image reading),I-READING-F4C; I-NO-CONSEQUENCE; I-BIDDER-FACTS,
VOL-IV-F4C-02,UNRESOLVED: STALE at ADD-03 (its reading was not re-made: ADD-02:Q9 changed since ADD-02 (by ADD-03/Q15)),VOL-IV:F4-C,envelope_A; forms; arabic; declaration; image; multiple_participation,"Form 4-C declaration 2 (Arabic): the member has not taken part, directly or indirectly, in more than one proposal for this tender",ثانياً: أن الشركة لم تشارك، بصورة مباشرة أو غير مباشرة، في أكثر من عرض واحد لهذه المناقصة.,ثانياً: أن الشركة لم تشارك، بصورة مباشرة أو غير مباشرة، في أكثر من عرض واحد لهذه المناقصة.,أن الشركة لم تشارك، بصورة مباشرة أو غير مباشرة، في أكثر من عرض واحد لهذه المناقصة,VOL-IV F4-C/image/decl2 p6,VOL-IV F4-C/image/decl2 p6,pass_fail,Legal,Legal counsel,EV-FORM-4C,ACTIVE,ACTIVE,ACTIVE,ACTIVE — STALE,VOL-IV F4-C/image/decl2 p6,VOL-IV F4-C/image/decl2 p6,VOL-IV F4-C/image/decl2 p6,VOL-IV F4-C/image/decl2 p6,none stated in the documents,,,"medium: from an image reading (transcription confirmed by the owner, 3 Oct 2026); translation proposed",approved,proposed (not reviewed),n/a,VOL-IV:F4-C/image/decl2 (VOL-IV p6; image reading),I-READING-F4C; I-NO-CONSEQUENCE; I-BIDDER-FACTS,"<- REL-MEMBER-MULTIPLE-PARTICIPATION [confirmed member_scope] from VOL-I:8.1, words:member of the Bidder, words:consortium member, words:member of the consortium"
VOL-IV-F4C-03,UNRESOLVED: STALE at ADD-03 (its reading was not re-made: ADD-02:Q9 changed since ADD-02 (by ADD-03/Q15)),VOL-IV:F4-C,envelope_A; forms; arabic; declaration; image; debarment,"Form 4-C declaration 3 (Arabic): the member is not, and in the previous five years was not, on any Kingdom government debarment list",ثالثاً: أن الشركة غير مدرجة، ولم تكن مدرجة خلال الخمس سنوات السابقة، في أي قائمة حظر صادرة عن جهة حكومية في المملكة.,ثالثاً: أن الشركة غير مدرجة، ولم تكن مدرجة خلال الخمس سنوات السابقة، في أي قائمة حظر صادرة عن جهة حكومية في المملكة.,أن الشركة غير مدرجة، ولم تكن مدرجة خلال الخمس سنوات السابقة، في أي قائمة حظر صادرة عن جهة حكومية في المملكة,VOL-IV F4-C/image/decl3 p6,VOL-IV F4-C/image/decl3 p6,pass_fail,Legal,Legal counsel,EV-FORM-4C,ACTIVE,ACTIVE,ACTIVE,ACTIVE — STALE,VOL-IV F4-C/image/decl3 p6,VOL-IV F4-C/image/decl3 p6,VOL-IV F4-C/image/decl3 p6,VOL-IV F4-C/image/decl3 p6,none stated in the documents,,,"medium: from an image reading (transcription confirmed by the owner, 3 Oct 2026); wording differs from VOL-I 8.10",approved,proposed (not reviewed),n/a,VOL-IV:F4-C/image/decl3 (VOL-IV p6; image reading),I-READING-F4C; I-NO-CONSEQUENCE; I-BIDDER-FACTS,"<- REL-MEMBER-DEBARMENT [confirmed member_scope] from VOL-I:8.1, words:member of the Bidder, words:consortium member, words:member of the consortium"
VOL-IV-F4C-05,UNRESOLVED: STALE at ADD-03 (its reading was not re-made: ADD-02:Q9 changed since ADD-02 (by ADD-03/Q15)),VOL-IV:F4-C,envelope_A; forms; arabic; declaration; image; communications,Form 4-C declaration 5 (Arabic): undertake to comply with the communication rules of Volume I clause 4.2 (blackout),خامساً: نلتزم بقواعد الاتصال المنصوص عليها في البند ٤-٢ من المجلد الأول.,خامساً: نلتزم بقواعد الاتصال المنصوص عليها في البند ٤-٢ من المجلد الأول.,نلتزم بقواعد الاتصال المنصوص عليها في البند ٤-٢ من المجلد الأول,VOL-IV F4-C/image/decl5 p6,VOL-IV F4-C/image/decl5 p6,pass_fail,Legal,Legal counsel,EV-FORM-4C,ACTIVE,ACTIVE,ACTIVE,ACTIVE — STALE,VOL-IV F4-C/image/decl5 p6,VOL-IV F4-C/image/decl5 p6,VOL-IV F4-C/image/decl5 p6,VOL-IV F4-C/image/decl5 p6,none stated in the documents,,,"medium: transcription confirmed by the owner, 3 Oct 2026, including the clause numeral (4.2); the interpretation is proposed",approved,proposed (not reviewed),n/a,VOL-IV:F4-C/image/decl5 (VOL-IV p6; image reading),I-READING-F4C; I-NO-CONSEQUENCE,
VOL-IV-F4D-01,proposed (existing row; not changed by this run; not reviewed),VOL-IV:F4-D,envelope_A; forms; guarantee,"Form 4-D (Envelope A, EPC parent): name guarantor, jurisdiction and EPC Contractor; execute with name, capacity, date, authority reference","[VOL-IV cover/T1/4-D p2] Form: 4-D | Title: Parent Company Guarantee — pro forma | Envelope: A | Status: Mandatory (EPC parent)
[VOL-IV F4-D/guarantor-ultimate-parent-of-epc-contractor p7] Guarantor (ultimate parent of EPC Contractor):
[VOL-IV F4-D/jurisdiction-of-incorporation p7] Jurisdiction of incorporation:
[VOL-IV F4-D/epc-contractor-guaranteed p7] EPC Contractor guaranteed:
[VOL-IV F4-D/guaranteed-obligations p7] Guaranteed obligations: All obligations of the EPC Contractor under the EPC Contract during the construction period, including the payment of liquidated damages.
[VOL-IV F4-D/limit-of-liability p7] Limit of liability: Unlimited as to the guaranteed obligations
[VOL-IV F4-D/expiry p7] Expiry: The later of the issue of the final completion certificate under the EPC Contract and the expiry of the defects notification period
[VOL-IV F4-D/governing-law p7] Governing law: Laws of the Kingdom
[VOL-IV F4-D/signature p7] Signature:
[VOL-IV F4-D/name-and-capacity p7] Name and capacity:
[VOL-IV F4-D/date p7] Date:
[VOL-IV F4-D/corporate-authority-reference p7] Corporate authority reference:","[VOL-IV cover/T1/4-D p2] Form: 4-D | Title: Parent Company Guarantee — pro forma | Envelope: A | Status: Mandatory (EPC parent)
[VOL-IV F4-D/guarantor-ultimate-parent-of-epc-contractor p7] Guarantor (ultimate parent of EPC Contractor):
[VOL-IV F4-D/jurisdiction-of-incorporation p7] Jurisdiction of incorporation:
[VOL-IV F4-D/epc-contractor-guaranteed p7] EPC Contractor guaranteed:
[VOL-IV F4-D/guaranteed-obligations p7] Guaranteed obligations: All obligations of the EPC Contractor under the EPC Contract during the construction period, including the payment of liquidated damages.
[VOL-IV F4-D/limit-of-liability p7] Limit of liability: Unlimited as to the guaranteed obligations
[VOL-IV F4-D/expiry p7] Expiry: The later of the issue of the final completion certificate under the EPC Contract and the expiry of the defects notification period
[VOL-IV F4-D/governing-law p7] Governing law: Laws of the Kingdom
[VOL-IV F4-D/signature p7] Signature:
[VOL-IV F4-D/name-and-capacity p7] Name and capacity:
[VOL-IV F4-D/date p7] Date:
[VOL-IV F4-D/corporate-authority-reference p7] Corporate authority reference:",Envelope: A | Status: Mandatory (EPC parent),VOL-IV cover/T1/4-D p2,VOL-IV cover/T1/4-D p2; VOL-IV F4-D/guarantor-ultimate-parent-of-epc-contractor p7; VOL-IV F4-D/jurisdiction-of-incorporation p7; VOL-IV F4-D/epc-contractor-guaranteed p7; VOL-IV F4-D/guaranteed-obligations p7; VOL-IV F4-D/limit-of-liability p7; VOL-IV F4-D/expiry p7; VOL-IV F4-D/governing-law p7; VOL-IV F4-D/signature p7; VOL-IV F4-D/name-and-capacity p7; VOL-IV F4-D/date p7; VOL-IV F4-D/corporate-authority-reference p7,pass_fail,Legal,Legal counsel,EV-FORM-4D,ACTIVE,ACTIVE,ACTIVE,ACTIVE,VOL-IV cover/T1/4-D p2,VOL-IV cover/T1/4-D p2,VOL-IV cover/T1/4-D p2,VOL-IV cover/T1/4-D p2,none stated in the documents,,,high: verbatim fields; no consequence stated,n/a (text layer),proposed (not reviewed),n/a,VOL-IV:cover/T1/4-D (VOL-IV p2; text layer); VOL-IV:F4-D/guarantor-ultimate-parent-of-epc-contractor (VOL-IV p7; text layer); VOL-IV:F4-D/jurisdiction-of-incorporation (VOL-IV p7; text layer); VOL-IV:F4-D/epc-contractor-guaranteed (VOL-IV p7; text layer); VOL-IV:F4-D/guaranteed-obligations (VOL-IV p7; text layer); VOL-IV:F4-D/limit-of-liability (VOL-IV p7; text layer); VOL-IV:F4-D/expiry (VOL-IV p7; text layer); VOL-IV:F4-D/governing-law (VOL-IV p7; text layer); VOL-IV:F4-D/signature (VOL-IV p7; text layer); VOL-IV:F4-D/name-and-capacity (VOL-IV p7; text layer); VOL-IV:F4-D/date (VOL-IV p7; text layer); VOL-IV:F4-D/corporate-authority-reference (VOL-IV p7; text layer),I-NO-CONSEQUENCE,
VOL-IV-F4D-02,proposed (existing row; not changed by this run; not reviewed),VOL-IV:F4-D,forms; guarantee; post_award,"Guarantee covers all EPC Contractor obligations under the EPC Contract during construction, incl. payment of liquidated damages","Guaranteed obligations: All obligations of the EPC Contractor under the EPC Contract during the construction period, including the payment of liquidated damages.","Guaranteed obligations: All obligations of the EPC Contractor under the EPC Contract during the construction period, including the payment of liquidated damages.","All obligations of the EPC Contractor under the EPC Contract during the construction period, including the payment of liquidated damages.",VOL-IV F4-D/guaranteed-obligations p7,VOL-IV F4-D/guaranteed-obligations p7,contractual_post_award,Legal,Legal counsel,EV-FORM-4D,ACTIVE,ACTIVE,ACTIVE,ACTIVE,VOL-IV F4-D/guaranteed-obligations p7,VOL-IV F4-D/guaranteed-obligations p7,VOL-IV F4-D/guaranteed-obligations p7,VOL-IV F4-D/guaranteed-obligations p7,none stated in the documents,,,high: verbatim pre-printed term,n/a (text layer),proposed (not reviewed),n/a,VOL-IV:F4-D/guaranteed-obligations (VOL-IV p7; text layer),,
VOL-IV-F4D-03,proposed (existing row; not changed by this run; not reviewed),VOL-IV:F4-D,forms; guarantee; post_award; liability,Guarantor's liability unlimited as to the guaranteed obligations,Limit of liability: Unlimited as to the guaranteed obligations,Limit of liability: Unlimited as to the guaranteed obligations,Limit of liability: Unlimited as to the guaranteed obligations,VOL-IV F4-D/limit-of-liability p7,VOL-IV F4-D/limit-of-liability p7,contractual_post_award,Legal,Legal counsel,EV-FORM-4D,ACTIVE,ACTIVE,ACTIVE,ACTIVE,VOL-IV F4-D/limit-of-liability p7,VOL-IV F4-D/limit-of-liability p7,VOL-IV F4-D/limit-of-liability p7,VOL-IV F4-D/limit-of-liability p7,none stated in the documents,,,high: verbatim pre-printed term,n/a (text layer),proposed (not reviewed),n/a,VOL-IV:F4-D/limit-of-liability (VOL-IV p7; text layer),,
VOL-IV-F4D-04,proposed (existing row; not changed by this run; not reviewed),VOL-IV:F4-D,forms; guarantee; post_award; expiry,Guarantee expires at the later of the final completion certificate and the end of the defects notification period,Expiry: The later of the issue of the final completion certificate under the EPC Contract and the expiry of the defects notification period,Expiry: The later of the issue of the final completion certificate under the EPC Contract and the expiry of the defects notification period,The later of the issue of the final completion certificate under the EPC Contract and the expiry of the defects notification period,VOL-IV F4-D/expiry p7,VOL-IV F4-D/expiry p7,contractual_post_award,Legal,Legal counsel,EV-FORM-4D,ACTIVE,ACTIVE,ACTIVE,ACTIVE,VOL-IV F4-D/expiry p7,VOL-IV F4-D/expiry p7,VOL-IV F4-D/expiry p7,VOL-IV F4-D/expiry p7,none stated in the documents,,,high: verbatim pre-printed term,n/a (text layer),proposed (not reviewed),n/a,VOL-IV:F4-D/expiry (VOL-IV p7; text layer),,
VOL-IV-F4D-05,proposed (existing row; not changed by this run; not reviewed),VOL-IV:F4-D,forms; guarantee; post_award; governing_law,Guarantee governed by the laws of the Kingdom,Governing law: Laws of the Kingdom,Governing law: Laws of the Kingdom,Governing law: Laws of the Kingdom,VOL-IV F4-D/governing-law p7,VOL-IV F4-D/governing-law p7,contractual_post_award,Legal,Legal counsel,EV-FORM-4D,ACTIVE,ACTIVE,ACTIVE,ACTIVE,VOL-IV F4-D/governing-law p7,VOL-IV F4-D/governing-law p7,VOL-IV F4-D/governing-law p7,VOL-IV F4-D/governing-law p7,none stated in the documents,,,high: verbatim pre-printed term,n/a (text layer),proposed (not reviewed),n/a,VOL-IV:F4-D/governing-law (VOL-IV p7; text layer),,
VOL-IV-F4D-06,proposed (existing row; not changed by this run; not reviewed),VOL-IV:F4-D,forms; guarantee; post_award,"Irrevocable, unconditional guarantee of the EPC Contractor's performance to the Project Company and, by collateral warranty, the Authority","1. The Guarantor irrevocably and unconditionally guarantees to the Project Company and, by way of collateral warranty, to the Authority, the due and punctual performance by the EPC Contractor of the guaranteed obligations.","1. The Guarantor irrevocably and unconditionally guarantees to the Project Company and, by way of collateral warranty, to the Authority, the due and punctual performance by the EPC Contractor of the guaranteed obligations.","The Guarantor irrevocably and unconditionally guarantees to the Project Company and, by way of collateral warranty, to the Authority, the due and punctual performance by the EPC Contractor of the guaranteed obligations.",VOL-IV F4-D/item1 p7,VOL-IV F4-D/item1 p7,contractual_post_award,Legal,Legal counsel,EV-FORM-4D,ACTIVE,ACTIVE,ACTIVE,ACTIVE,VOL-IV F4-D/item1 p7,VOL-IV F4-D/item1 p7,VOL-IV F4-D/item1 p7,VOL-IV F4-D/item1 p7,none stated in the documents,,,high: verbatim pre-printed term,n/a (text layer),proposed (not reviewed),n/a,VOL-IV:F4-D/item1 (VOL-IV p7; text layer),,
VOL-IV-F4D-07,proposed (existing row; not changed by this run; not reviewed),VOL-IV:F4-D,forms; guarantee; post_award,"Guarantor liable as primary obligor; not discharged by any amendment, indulgence or waiver granted to the EPC Contractor","2. The Guarantor's liability is that of a primary obligor and is not discharged by any amendment, indulgence or waiver granted to the EPC Contractor.","2. The Guarantor's liability is that of a primary obligor and is not discharged by any amendment, indulgence or waiver granted to the EPC Contractor.","The Guarantor's liability is that of a primary obligor and is not discharged by any amendment, indulgence or waiver granted to the EPC Contractor.",VOL-IV F4-D/item2 p7,VOL-IV F4-D/item2 p7,contractual_post_award,Legal,Legal counsel,EV-FORM-4D,ACTIVE,ACTIVE,ACTIVE,ACTIVE,VOL-IV F4-D/item2 p7,VOL-IV F4-D/item2 p7,VOL-IV F4-D/item2 p7,VOL-IV F4-D/item2 p7,none stated in the documents,,,high: verbatim pre-printed term,n/a (text layer),proposed (not reviewed),n/a,VOL-IV:F4-D/item2 (VOL-IV p7; text layer),,
VOL-IV-F4D-08,proposed (existing row; not changed by this run; not reviewed),VOL-IV:F4-D,forms; guarantee; post_award,Guarantee not conditional on any demand first being made of the EPC Contractor,3. This guarantee is not conditional on any demand first being made of the EPC Contractor.,3. This guarantee is not conditional on any demand first being made of the EPC Contractor.,This guarantee is not conditional on any demand first being made of the EPC Contractor.,VOL-IV F4-D/item3 p7,VOL-IV F4-D/item3 p7,contractual_post_award,Legal,Legal counsel,EV-FORM-4D,ACTIVE,ACTIVE,ACTIVE,ACTIVE,VOL-IV F4-D/item3 p7,VOL-IV F4-D/item3 p7,VOL-IV F4-D/item3 p7,VOL-IV F4-D/item3 p7,none stated in the documents,,,high: verbatim pre-printed term,n/a (text layer),proposed (not reviewed),n/a,VOL-IV:F4-D/item3 (VOL-IV p7; text layer),,
VOL-IV-F4E-01,proposed (existing row; not changed by this run; not reviewed),VOL-IV:F4-E,envelope_A; forms; deviations,"Form 4-E (Envelope A, mandatory): one line per deviation (Volume/Clause, nature, proposed wording, rationale), total declared, signed, dated","[VOL-IV cover/T1/4-E p2] Form: 4-E | Title: Schedule of Deviations | Envelope: A | Status: Mandatory
[VOL-IV F4-E/T1/1 p8] No: 1
[VOL-IV F4-E/T1/2 p8] No: 2
[VOL-IV F4-E/T1/3 p8] No: 3
[VOL-IV F4-E/T1/4 p8] No: 4
[VOL-IV F4-E/T1/5 p8] No: 5
[VOL-IV F4-E/T1/6 p8] No: 6
[VOL-IV F4-E/total-number-of-deviations-declared p8] Total number of deviations declared:
[VOL-IV F4-E/signature-of-authorised-signatory p8] Signature of authorised signatory:
[VOL-IV F4-E/date p8] Date:","[VOL-IV cover/T1/4-E p2] Form: 4-E | Title: Schedule of Deviations | Envelope: A | Status: Mandatory
[VOL-IV F4-E/T1/1 p8] No: 1
[VOL-IV F4-E/T1/2 p8] No: 2
[VOL-IV F4-E/T1/3 p8] No: 3
[VOL-IV F4-E/T1/4 p8] No: 4
[VOL-IV F4-E/T1/5 p8] No: 5
[VOL-IV F4-E/T1/6 p8] No: 6
[VOL-IV F4-E/total-number-of-deviations-declared p8] Total number of deviations declared:
[VOL-IV F4-E/signature-of-authorised-signatory p8] Signature of authorised signatory:
[VOL-IV F4-E/date p8] Date:",Title: Schedule of Deviations | Envelope: A | Status: Mandatory,VOL-IV cover/T1/4-E p2,VOL-IV cover/T1/4-E p2; VOL-IV F4-E/T1/1 p8; VOL-IV F4-E/T1/2 p8; VOL-IV F4-E/T1/3 p8; VOL-IV F4-E/T1/4 p8; VOL-IV F4-E/T1/5 p8; VOL-IV F4-E/T1/6 p8; VOL-IV F4-E/total-number-of-deviations-declared p8; VOL-IV F4-E/signature-of-authorised-signatory p8; VOL-IV F4-E/date p8,pass_fail,Legal,Legal counsel,EV-FORM-4E,ACTIVE,ACTIVE,ACTIVE,ACTIVE,VOL-IV cover/T1/4-E p2,VOL-IV cover/T1/4-E p2,VOL-IV cover/T1/4-E p2,VOL-IV cover/T1/4-E p2,none stated in the documents,,,high: verbatim; no consequence stated for the form itself,n/a (text layer),proposed (not reviewed),n/a,VOL-IV:cover/T1/4-E (VOL-IV p2; text layer); VOL-IV:F4-E/T1/1 (VOL-IV p8; text layer); VOL-IV:F4-E/T1/2 (VOL-IV p8; text layer); VOL-IV:F4-E/T1/3 (VOL-IV p8; text layer); VOL-IV:F4-E/T1/4 (VOL-IV p8; text layer); VOL-IV:F4-E/T1/5 (VOL-IV p8; text layer); VOL-IV:F4-E/T1/6 (VOL-IV p8; text layer); VOL-IV:F4-E/total-number-of-deviations-declared (VOL-IV p8; text layer); VOL-IV:F4-E/signature-of-authorised-signatory (VOL-IV p8; text layer); VOL-IV:F4-E/date (VOL-IV p8; text layer),I-NO-CONSEQUENCE,
VOL-IV-F4F-01,proposed (existing row; not changed by this run; not reviewed),VOL-IV:F4-F,envelope_B; forms; commercial,"Form 4-F (Envelope B, mandatory): complete every field (Availability Payment in figures and words, cost, financing, IRRs, model audit) and sign","[VOL-IV cover/T1/4-F p2] Form: 4-F | Title: Financial Proposal Schedule | Envelope: B | Status: Mandatory
[VOL-IV F4-F/bidder p9] Bidder:
[VOL-IV F4-F/availability-payment-sar-per-annum-year-1-of-operations p9] Availability Payment (SAR per annum, year 1 of operations):
[VOL-IV F4-F/availability-payment-in-words p9] Availability Payment in words:
[VOL-IV F4-F/estimated-project-cost-sar p9] Estimated Project Cost (SAR):
[VOL-IV F4-F/assumed-senior-debt-tenor-years-from-financial-close p9] Assumed senior debt tenor (years from Financial Close):
[VOL-IV F4-F/assumed-senior-debt-margin-bps p9] Assumed senior debt margin (bps):
[VOL-IV F4-F/assumed-gearing-debt-equity p9] Assumed gearing (debt : equity):
[VOL-IV F4-F/project-irr-nominal-post-tax p9] Project IRR (%, nominal, post-tax):
[VOL-IV F4-F/equity-irr-nominal-post-tax p9] Equity IRR (%, nominal, post-tax):
[VOL-IV F4-F/indexation-basis-assumed p9] Indexation basis assumed: Per Volume V Clause 29.2
[VOL-IV F4-F/model-auditor p9] Model auditor:
[VOL-IV F4-F/date-of-model-audit-opinion p9] Date of model audit opinion:
[VOL-IV F4-F/signature p9] Signature:
[VOL-IV F4-F/name-and-capacity p9] Name and capacity:
[VOL-IV F4-F/date p9] Date:","[VOL-IV cover/T1/4-F p2] Form: 4-F | Title: Financial Proposal Schedule | Envelope: B | Status: Mandatory
[VOL-IV F4-F/bidder p9] Bidder:
[VOL-IV F4-F/availability-payment-sar-per-annum-year-1-of-operations p9] Availability Payment (SAR per annum, year 1 of operations):
[VOL-IV F4-F/availability-payment-in-words p9] Availability Payment in words:
[VOL-IV F4-F/estimated-project-cost-sar p9] Estimated Project Cost (SAR):
[VOL-IV F4-F/assumed-senior-debt-tenor-years-from-financial-close p9] Assumed senior debt tenor (years from Financial Close):
[VOL-IV F4-F/assumed-senior-debt-margin-bps p9] Assumed senior debt margin (bps):
[VOL-IV F4-F/assumed-gearing-debt-equity p9] Assumed gearing (debt : equity):
[VOL-IV F4-F/project-irr-nominal-post-tax p9] Project IRR (%, nominal, post-tax):
[VOL-IV F4-F/equity-irr-nominal-post-tax p9] Equity IRR (%, nominal, post-tax):
[VOL-IV F4-F/indexation-basis-assumed p9] Indexation basis assumed: Per Volume V Clause 29.2
[VOL-IV F4-F/model-auditor p9] Model auditor:
[VOL-IV F4-F/date-of-model-audit-opinion p9] Date of model audit opinion:
[VOL-IV F4-F/signature p9] Signature:
[VOL-IV F4-F/name-and-capacity p9] Name and capacity:
[VOL-IV F4-F/date p9] Date:",Title: Financial Proposal Schedule | Envelope: B | Status: Mandatory,VOL-IV cover/T1/4-F p2,VOL-IV cover/T1/4-F p2; VOL-IV F4-F/bidder p9; VOL-IV F4-F/availability-payment-sar-per-annum-year-1-of-operations p9; VOL-IV F4-F/availability-payment-in-words p9; VOL-IV F4-F/estimated-project-cost-sar p9; VOL-IV F4-F/assumed-senior-debt-tenor-years-from-financial-close p9; VOL-IV F4-F/assumed-senior-debt-margin-bps p9; VOL-IV F4-F/assumed-gearing-debt-equity p9; VOL-IV F4-F/project-irr-nominal-post-tax p9; VOL-IV F4-F/equity-irr-nominal-post-tax p9; VOL-IV F4-F/indexation-basis-assumed p9; VOL-IV F4-F/model-auditor p9; VOL-IV F4-F/date-of-model-audit-opinion p9; VOL-IV F4-F/signature p9; VOL-IV F4-F/name-and-capacity p9; VOL-IV F4-F/date p9,pass_fail,Commercial,Commercial lead,EV-FORM-4F,ACTIVE,ACTIVE,ACTIVE,ACTIVE,VOL-IV cover/T1/4-F p2,VOL-IV cover/T1/4-F p2,VOL-IV cover/T1/4-F p2,VOL-IV cover/T1/4-F p2,none stated in the documents,,,high: verbatim fields; where the 10.3 and 10.6 documents go is an open issue,n/a (text layer),proposed (not reviewed),n/a,VOL-IV:cover/T1/4-F (VOL-IV p2; text layer); VOL-IV:F4-F/bidder (VOL-IV p9; text layer); VOL-IV:F4-F/availability-payment-sar-per-annum-year-1-of-operations (VOL-IV p9; text layer); VOL-IV:F4-F/availability-payment-in-words (VOL-IV p9; text layer); VOL-IV:F4-F/estimated-project-cost-sar (VOL-IV p9; text layer); VOL-IV:F4-F/assumed-senior-debt-tenor-years-from-financial-close (VOL-IV p9; text layer); VOL-IV:F4-F/assumed-senior-debt-margin-bps (VOL-IV p9; text layer); VOL-IV:F4-F/assumed-gearing-debt-equity (VOL-IV p9; text layer); VOL-IV:F4-F/project-irr-nominal-post-tax (VOL-IV p9; text layer); VOL-IV:F4-F/equity-irr-nominal-post-tax (VOL-IV p9; text layer); VOL-IV:F4-F/indexation-basis-assumed (VOL-IV p9; text layer); VOL-IV:F4-F/model-auditor (VOL-IV p9; text layer); VOL-IV:F4-F/date-of-model-audit-opinion (VOL-IV p9; text layer); VOL-IV:F4-F/signature (VOL-IV p9; text layer); VOL-IV:F4-F/name-and-capacity (VOL-IV p9; text layer); VOL-IV:F4-F/date (VOL-IV p9; text layer),I-NO-CONSEQUENCE; I-VOL-I-ENV-B,<- REL-PAY-FORM-4F [confirmed feeds_calculation] from calc:availability-payment
VOL-IV-F4F-02,proposed (existing row; not changed by this run; not reviewed),VOL-IV:F4-F,envelope_B; forms; confirmation; commercial,"Form 4-F: confirm the Availability Payment is unconditional, unqualified and derived from the Financial Model submitted with the Form","We confirm that the Availability Payment stated above is unconditional, is not subject to any qualification, and has been derived from the Financial Model submitted with this Form.","We confirm that the Availability Payment stated above is unconditional, is not subject to any qualification, and has been derived from the Financial Model submitted with this Form.","We confirm that the Availability Payment stated above is unconditional, is not subject to any qualification, and has been derived from the Financial Model submitted with this Form.",VOL-IV F4-F/para1 p9,VOL-IV F4-F/para1 p9,pass_fail,Commercial,Commercial lead,EV-FORM-4F; EV-FIN-MODEL,ACTIVE,ACTIVE,ACTIVE,ACTIVE,VOL-IV F4-F/para1 p9,VOL-IV F4-F/para1 p9,VOL-IV F4-F/para1 p9,VOL-IV F4-F/para1 p9,none stated in the documents,,,high: verbatim,n/a (text layer),proposed (not reviewed),n/a,VOL-IV:F4-F/para1 (VOL-IV p9; text layer),I-NO-CONSEQUENCE,<- REL-MODEL-FORM-4F [confirmed feeds_calculation] from VOL-I-10.3-01
VOL-V-NOTE-01,proposed (existing row; not changed by this run; not reviewed),VOL-V:cover/note-to-bidders,contract; deviations; bid_submission,List every deviation from the Volume V clauses in Form 4-E; a deviation not listed is taken as accepted,Note to Bidders. This extract contains the clauses of the draft Project Agreement on which the Authority invites comment through Form 4-E. Clause numbering follows the full draft; omitted clauses are not reproduced. A deviation not listed in Form 4-E will be taken as accepted.,Note to Bidders. This extract contains the clauses of the draft Project Agreement on which the Authority invites comment through Form 4-E. Clause numbering follows the full draft; omitted clauses are not reproduced. A deviation not listed in Form 4-E will be taken as accepted.,This extract contains the clauses of the draft Project Agreement on which the Authority invites comment through Form 4-E.,VOL-V cover/note-to-bidders p2,VOL-V cover/note-to-bidders p2,procedural,Legal,Legal counsel,EV-FORM-4E,ACTIVE,ACTIVE,ACTIVE,ACTIVE,VOL-V cover/note-to-bidders p2,VOL-V cover/note-to-bidders p2,VOL-V cover/note-to-bidders p2,VOL-V cover/note-to-bidders p2,"lesser consequence: ""A deviation not listed in Form 4-E will be taken as accepted.""",VOL-V cover/note-to-bidders p2,,high: verbatim text-layer note,n/a (text layer),proposed (not reviewed),n/a,VOL-V:cover/note-to-bidders (VOL-V p2; text layer),I-VOL-V-MISSING; I-CONCESSION,
VOL-V-3.1-01,proposed (existing row; not changed by this run; not reviewed),VOL-V:3.1,contract; post_award; term,"Agreement in force from the Effective Date for 25 years from the Effective Date, unless terminated earlier","This Agreement shall come into force on the Effective Date and shall continue for a period of twenty-five (25) years from the Effective Date, unless terminated earlier in accordance with its terms.","This Agreement shall come into force on the Effective Date and shall continue for a period of twenty-five (25) years from the Effective Date, unless terminated earlier in accordance with its terms.",shall continue for a period of twenty-five (25) years from the Effective Date,VOL-V 3.1 p2,VOL-V 3.1 p2,contractual_post_award,Legal,Legal counsel,"Post-award (proposed requirement): to be obtained on execution, the Project Agreement executed by both parties, whose date of execution is the Effective Date (VOL-V 1.2) from which VOL-V 3.1 runs the 25-year term.",ACTIVE,ACTIVE,ACTIVE,ACTIVE,VOL-V 3.1 p2,VOL-V 3.1 p2,VOL-V 3.1 p2,VOL-V 3.1 p2,none stated in the documents,,VOL-V-TERM-END: None (unknown_anchor),"medium: verbatim, but conflicts with VOL-I 12.1 and the Authority declined to resolve it; the Effective Date is not a pack event",n/a (text layer),proposed (not reviewed),n/a,VOL-V:3.1 (VOL-V p2; text layer),I-CONCESSION,
VOL-V-3.2-01,proposed (existing row; not changed by this run; not reviewed),VOL-V:3.2,contract; post_award; handback,"On expiry, transfer the Facility to the Authority under Clause 42 for nil consideration","On expiry, the Facility shall transfer to the Authority in accordance with Clause 42 for nil consideration.","On expiry, the Facility shall transfer to the Authority in accordance with Clause 42 for nil consideration.","On expiry, the Facility shall transfer to the Authority in accordance with Clause 42 for nil consideration.",VOL-V 3.2 p2,VOL-V 3.2 p2,contractual_post_award,Legal,Legal counsel,"Post-award (proposed requirement): to be produced on expiry, a record of the transfer of the Facility to the Authority for nil consideration in accordance with Clause 42 (the extract prescribes no form of transfer document), supported by the handback records proposed under row VOL-V-42.1-01.",ACTIVE,ACTIVE,ACTIVE,ACTIVE,VOL-V 3.2 p2,VOL-V 3.2 p2,VOL-V 3.2 p2,VOL-V 3.2 p2,none stated in the documents,,,high: verbatim; the expiry date depends on the term start (I-CONCESSION),n/a (text layer),proposed (not reviewed),n/a,VOL-V:3.2 (VOL-V p2; text layer),I-CONCESSION,
VOL-V-12.1-01,proposed (existing row; not changed by this run; not reviewed),VOL-V:12.1,contract; post_award; programme; pcod,Achieve PCOD within 36 months of the Notice to Proceed (the Scheduled PCOD),The Project Company shall achieve PCOD within thirty-six (36) months of the Notice to Proceed (the Scheduled PCOD).,The Project Company shall achieve PCOD within thirty-six (36) months of the Notice to Proceed (the Scheduled PCOD).,shall achieve PCOD within thirty-six (36) months of the Notice to Proceed (the Scheduled PCOD),VOL-V 12.1 p2,VOL-V 12.1 p2,contractual_post_award,Technical,Technical lead,"Post-award (proposed requirement): to be obtained at PCOD, the Independent Engineer's certification that the Facility has satisfied Volume II Clause 7.2 (which fixes PCOD under VOL-V 1.5), dated within 36 months of the Notice to Proceed, with the Notice to Proceed itself kept to fix the Scheduled PCOD.",ACTIVE,ACTIVE,ACTIVE,ACTIVE,VOL-V 12.1 p2,VOL-V 12.1 p2,VOL-V 12.1 p2,VOL-V 12.1 p2,"contractual remedy (post-award): ""the Project Company shall pay to the Authority delay liquidated damages at the rate of SAR 180,000 for each day of delay""",VOL-V 18.1 p2,VOL-V-SCHEDULED-PCOD: None (unknown_anchor),"high: verbatim; the Notice to Proceed is not a pack event, so the Scheduled PCOD cannot be dated",n/a (text layer),proposed (not reviewed),n/a,VOL-V:12.1 (VOL-V p2; text layer),,
VOL-V-18.3-01,proposed (existing row; not changed by this run; not reviewed),VOL-V:18.3,contract; post_award; programme; pcod; termination,"Achieve PCOD within 365 days after the Scheduled PCOD, failing which the Authority may terminate under Clause 39.2","If PCOD has not been achieved within three hundred and sixty-five (365) days after the Scheduled PCOD, the Authority may terminate under Clause 39.2.","If PCOD has not been achieved within three hundred and sixty-five (365) days after the Scheduled PCOD, the Authority may terminate under Clause 39.2.",If PCOD has not been achieved within three hundred and sixty-five (365) days after the Scheduled PCOD,VOL-V 18.3 p2,VOL-V 18.3 p2,contractual_post_award,Legal,Legal counsel,"Post-award (proposed requirement): to be obtained, the Independent Engineer's PCOD certification (VOL-V 1.5) dated within 365 days after the Scheduled PCOD, the same record as row VOL-V-12.1-01, showing that the Authority's termination right under Clause 39.2 has not arisen.",ACTIVE,ACTIVE,ACTIVE,ACTIVE,VOL-V 18.3 p2,VOL-V 18.3 p2,VOL-V 18.3 p2,VOL-V 18.3 p2,"contractual remedy (post-award): ""the Authority may terminate under Clause 39.2""",VOL-V 18.3 p2,VOL-V-PCOD-LONG-STOP: None (unknown_anchor),"high: verbatim; the Scheduled PCOD depends on the Notice to Proceed, not a pack event",n/a (text layer),proposed (not reviewed),n/a,VOL-V:18.3 (VOL-V p2; text layer),,
VOL-V-12.2-01,proposed (existing row; not changed by this run; not reviewed),VOL-V:12.2,contract; post_award; epc,"Have the EPC Contractor build on a fixed price, lump sum, date certain, turnkey basis with single point responsibility","The Project Company shall procure that the EPC Contractor performs the construction works on a fixed price, lump sum, date certain, turnkey basis with single point responsibility.","The Project Company shall procure that the EPC Contractor performs the construction works on a fixed price, lump sum, date certain, turnkey basis with single point responsibility.","shall procure that the EPC Contractor performs the construction works on a fixed price, lump sum, date certain, turnkey basis with single point responsibility",VOL-V 12.2 p2,VOL-V 12.2 p2,contractual_post_award,Commercial,Commercial lead,"Post-award (proposed requirement): to be produced, the executed EPC Contract, showing that the construction works are let on a fixed price, lump sum, date certain, turnkey basis with single point responsibility (VOL-V 12.2).",ACTIVE,ACTIVE,ACTIVE,ACTIVE,VOL-V 12.2 p2,VOL-V 12.2 p2,VOL-V 12.2 p2,VOL-V 12.2 p2,none stated in the documents,,,high: verbatim text-layer clause,n/a (text layer),proposed (not reviewed),n/a,VOL-V:12.2 (VOL-V p2; text layer),,
VOL-V-12.3-01,proposed (existing row; not changed by this run; not reviewed),VOL-V:12.3,contract; post_award; independent_engineer; cost,Bear half of the Independent Engineer's reasonable costs (the Authority appoints the Independent Engineer),The Authority shall appoint an Independent Engineer whose reasonable costs shall be borne equally by the parties.,The Authority shall appoint an Independent Engineer whose reasonable costs shall be borne equally by the parties.,whose reasonable costs shall be borne equally by the parties,VOL-V 12.3 p2,VOL-V 12.3 p2,contractual_post_award,Commercial,Commercial lead,"Post-award (proposed requirement): to be produced for each period in which Independent Engineer costs are incurred, a record of those reasonable costs and of payment of the Project Company's equal share (VOL-V 12.3); the extract does not say how the costs are invoiced or shared between the parties.",ACTIVE,ACTIVE,ACTIVE,ACTIVE,VOL-V 12.3 p2,VOL-V 12.3 p2,VOL-V 12.3 p2,VOL-V 12.3 p2,none stated in the documents,,,high: verbatim text-layer clause,n/a (text layer),proposed (not reviewed),n/a,VOL-V:12.3 (VOL-V p2; text layer),,
VOL-V-12.4-01,proposed (existing row; not changed by this run; not reviewed),VOL-V:12.4,contract; post_award; reporting,Submit monthly progress reports,The Project Company shall submit monthly progress reports and shall permit the Authority access to the site at all reasonable times.,The Project Company shall submit monthly progress reports and shall permit the Authority access to the site at all reasonable times.,shall submit monthly progress reports,VOL-V 12.4 p2,VOL-V 12.4 p2,contractual_post_award,Technical,Technical lead,"Post-award (proposed requirement): to be produced each month, the monthly progress report that VOL-V 12.4 requires, with a record of the date it was submitted; the extract does not state the report's content, its recipient, or when reporting starts and ends.",ACTIVE,ACTIVE,ACTIVE,ACTIVE,VOL-V 12.4 p2,VOL-V 12.4 p2,VOL-V 12.4 p2,VOL-V 12.4 p2,none stated in the documents,,,high: verbatim text-layer clause,n/a (text layer),proposed (not reviewed),n/a,VOL-V:12.4 (VOL-V p2; text layer),,
VOL-V-12.4-02,proposed (existing row; not changed by this run; not reviewed),VOL-V:12.4,contract; post_award; site_access,Permit the Authority access to the site at all reasonable times,The Project Company shall submit monthly progress reports and shall permit the Authority access to the site at all reasonable times.,The Project Company shall submit monthly progress reports and shall permit the Authority access to the site at all reasonable times.,shall permit the Authority access to the site at all reasonable times,VOL-V 12.4 p2,VOL-V 12.4 p2,contractual_post_award,Technical,Technical lead,"Post-award (proposed requirement): to be kept, a site access log recording each Authority request for access and each visit, with the time and the access given, to show that access was permitted at all reasonable times (VOL-V 12.4); the clause itself prescribes no record.",ACTIVE,ACTIVE,ACTIVE,ACTIVE,VOL-V 12.4 p2,VOL-V 12.4 p2,VOL-V 12.4 p2,VOL-V 12.4 p2,none stated in the documents,,,high: verbatim text-layer clause,n/a (text layer),proposed (not reviewed),n/a,VOL-V:12.4 (VOL-V p2; text layer),,
VOL-V-24.1-01,proposed (existing row; not changed by this run; not reviewed),VOL-V:24.1,contract; post_award; finance; accounts,"Open and keep the project accounts the Financing Documents require, with an account bank acceptable to the Senior Lenders",The Project Company shall open and maintain the project accounts required by the Financing Documents with an account bank acceptable to the Senior Lenders.,The Project Company shall open and maintain the project accounts required by the Financing Documents with an account bank acceptable to the Senior Lenders.,shall open and maintain the project accounts required by the Financing Documents with an account bank acceptable to the Senior Lenders,VOL-V 24.1 p2,VOL-V 24.1 p2,contractual_post_award,Finance,Financial modeller,"Post-award (proposed requirement): to be produced when the Financing Documents require the project accounts, the account bank's confirmation that each required project account is open and the Senior Lenders' acceptance of the account bank, with continued maintenance shown by the quarterly statements under VOL-V 24.4 (row VOL-V-24.4-01).",ACTIVE,ACTIVE,ACTIVE,ACTIVE,VOL-V 24.1 p2,VOL-V 24.1 p2,VOL-V 24.1 p2,VOL-V 24.1 p2,none stated in the documents,,,high: verbatim text-layer clause,n/a (text layer),proposed (not reviewed),n/a,VOL-V:24.1 (VOL-V p2; text layer),,
VOL-V-24.2-01,proposed (existing row; not changed by this run; not reviewed),VOL-V:24.2,contract; post_award; finance; reserves,"Establish, maintain and fund the reserve accounts the Financing Documents require","The Project Company shall establish and maintain such reserve accounts, and shall fund them to such levels and at such times, as are required under the Financing Documents. The Authority takes no position on the sizing of any reserve account.","The Project Company shall establish and maintain such reserve accounts, and shall fund them to such levels and at such times, as are required under the Financing Documents. The Authority takes no position on the sizing of any reserve account.","shall establish and maintain such reserve accounts, and shall fund them to such levels and at such times, as are required under the Financing Documents",VOL-V 24.2 p3,VOL-V 24.2 p3,contractual_post_award,Finance,Financial modeller,"Post-award (proposed requirement): to be produced, account statements showing each reserve account required by the Financing Documents established and funded to the level and at the time they require, cross-referenced to the Financing Documents' requirement (VOL-V 24.2).",ACTIVE,ACTIVE,ACTIVE,ACTIVE,VOL-V 24.2 p3,VOL-V 24.2 p3,VOL-V 24.2 p3,VOL-V 24.2 p3,none stated in the documents,,,high: verbatim text-layer clause,n/a (text layer),proposed (not reviewed),n/a,VOL-V:24.2 (VOL-V p3; text layer),,
VOL-V-24.3-01,proposed (existing row; not changed by this run; not reviewed),VOL-V:24.3,contract; post_award; finance; distributions,No shareholder distribution unless the Financing Documents' conditions are met and no Unavailability Event is continuing,The Project Company shall not make a distribution to its shareholders unless the conditions to distribution in the Financing Documents are satisfied and no Unavailability Event is continuing.,The Project Company shall not make a distribution to its shareholders unless the conditions to distribution in the Financing Documents are satisfied and no Unavailability Event is continuing.,shall not make a distribution to its shareholders unless the conditions to distribution in the Financing Documents are satisfied and no Unavailability Event is continuing,VOL-V 24.3 p3,VOL-V 24.3 p3,contractual_post_award,Finance,Financial modeller,"Post-award (proposed requirement): to be produced before each shareholder distribution, a record showing that the conditions to distribution in the Financing Documents are satisfied and that no Unavailability Event is continuing at the time (VOL-V 24.3).",ACTIVE,ACTIVE,ACTIVE,ACTIVE,VOL-V 24.3 p3,VOL-V 24.3 p3,VOL-V 24.3 p3,VOL-V 24.3 p3,none stated in the documents,,,high: verbatim text-layer clause,n/a (text layer),proposed (not reviewed),n/a,VOL-V:24.3 (VOL-V p3; text layer),,
VOL-V-24.4-01,proposed (existing row; not changed by this run; not reviewed),VOL-V:24.4,contract; post_award; finance; reporting,Give the Authority quarterly statements of each project account,The Project Company shall provide the Authority with quarterly statements of each project account.,The Project Company shall provide the Authority with quarterly statements of each project account.,shall provide the Authority with quarterly statements of each project account,VOL-V 24.4 p3,VOL-V 24.4 p3,contractual_post_award,Finance,Financial modeller,"Post-award (proposed requirement): to be produced each quarter, a statement of each project account provided to the Authority, as VOL-V 24.4 requires, with a record of when it was provided.",ACTIVE,ACTIVE,ACTIVE,ACTIVE,VOL-V 24.4 p3,VOL-V 24.4 p3,VOL-V 24.4 p3,VOL-V 24.4 p3,none stated in the documents,,,high: verbatim text-layer clause,n/a (text layer),proposed (not reviewed),n/a,VOL-V:24.4 (VOL-V p3; text layer),,
VOL-V-29.3-01,UNRESOLVED: STALE at ADD-03 (its reading was not re-made: VOL-V:29.3 changed since ADD-02 (by ADD-03/6.1); quote not found in the effective text at ADD-03: 'During the first twe…),VOL-V:29.3,contract; post_award; payment; ramp_up; image,Ramp-Up Period (12 months after PCOD): payment at 90%; no availability deduction for Table 2-4 parameters assessed on a rolling average (a payment exception only: not an exemption from technical compliance or commissioning requirements),"[VOL-V 29.3 p3] During the first twelve (12) months after PCOD (the Ramp-Up Period) the Availability Payment shall be paid at ninety per cent (90%) of the full rate, and no availability deduction shall apply to a parameter listed in Table 2-4 as assessed on a rolling average basis.
[VOL-II T2-4/BOD5 p3] Parameter: Biochemical Oxygen Demand (BOD5) | Unit: mg/l | Limit: 10 | Basis of assessment: 30-day rolling average
[VOL-II T2-4/COD p3] Parameter: Chemical Oxygen Demand (COD) | Unit: mg/l | Limit: 50 | Basis of assessment: 30-day rolling average
[VOL-II T2-4/TSS p3] Parameter: Total Suspended Solids (TSS) | Unit: mg/l | Limit: 10 | Basis of assessment: 30-day rolling average
[VOL-II T2-4/TN p3] Parameter: Total Nitrogen (TN) | Unit: mg/l | Limit: 5 | Basis of assessment: 30-day rolling average
[VOL-II T2-4/TP p3] Parameter: Total Phosphorus (TP) | Unit: mg/l | Limit: 1 | Basis of assessment: 30-day rolling average","[VOL-V 29.3 p3] During the first twelve (12) months after PCOD (the Ramp-Up Period) the Availability Payment shall be paid at ninety per cent (90%) of the full rate, and no availability deduction shall apply to a parameter listed in Table 2-4 as assessed on a rolling average basis.
[VOL-II T2-4/BOD5 p3] Parameter: Biochemical Oxygen Demand (BOD5) | Unit: mg/l | Limit: 10 | Basis of assessment: 30-day rolling average
[VOL-II T2-4/COD p3] Parameter: Chemical Oxygen Demand (COD) | Unit: mg/l | Limit: 50 | Basis of assessment: 30-day rolling average
[VOL-II T2-4/TSS p3] Parameter: Total Suspended Solids (TSS) | Unit: mg/l | Limit: 10 | Basis of assessment: 30-day rolling average
[VOL-II T2-4/TN p3] Parameter: Total Nitrogen (TN) | Unit: mg/l | Limit: 3 | Basis of assessment: 30-day rolling average
[VOL-II T2-4/TP p3] Parameter: Total Phosphorus (TP) | Unit: mg/l | Limit: 1 | Basis of assessment: 30-day rolling average",During the first twelve (12) months after PCOD (the Ramp-Up Period) the Availability Payment shall be paid at ninety per cent (90%) of the full rate,VOL-V 29.3 p3,VOL-V 29.3 p3; VOL-II T2-4/BOD5 p3; VOL-II T2-4/COD p3; VOL-II T2-4/TSS p3; VOL-II T2-4/TN p3 <- ADD-02/5.1; VOL-II T2-4/TP p3,contractual_post_award,Commercial,Commercial lead,"Not applicable: the Ramp-Up Period terms (payment at 90% of the full rate and no availability deduction for Table 2-4 parameters assessed on a rolling average) are a payment term and a limit on the Authority's deductions, not an act the Project Company evidences, and they do not exempt the Facility from Table 2-4 compliance or the commissioning requirements, which are evidenced under their own rows.",ACTIVE,ACTIVE,ACTIVE,AMENDED (ADD-03/6.1) — STALE,VOL-V 29.3 p3,VOL-V 29.3 p3,VOL-V 29.3 p3,VOL-V 29.3 p3 as amended by ADD-03 6.1 p2,none stated in the documents,,VOL-V-RAMP-UP-END: None (unknown_anchor),"medium: verbatim clause; the parameters exempt from Ramp-Up deductions come from an image reading (transcription confirmed by the owner, 3 Oct 2026); PCOD is not a pack event",approved,proposed (not reviewed),n/a,VOL-V:29.3 (VOL-V p3; text layer); VOL-II:T2-4/BOD5 (VOL-II p3; image reading); VOL-II:T2-4/COD (VOL-II p3; image reading); VOL-II:T2-4/TSS (VOL-II p3; image reading); VOL-II:T2-4/TN (VOL-II p3; image reading); VOL-II:T2-4/TP (VOL-II p3; image reading); ADD-02/5.1 [ADD-02; proposed] <- ADD-02:5.1 (ADD-02 p1); ADD-03/6.1 [ADD-03; proposed] <- ADD-03:6.1 (ADD-03 p2),I-READING-T24,<- REL-T24-RAMP-UP-DEDUCTIONS [confirmed limit_applies] from VOL-II:T2-4; REACHED at ADD-02 (confirmed dependency): from VOL-II:T2-4 via REL-T24-RAMP-UP-DEDUCTIONS
VOL-V-29.4-01,proposed (existing row; not changed by this run; not reviewed),VOL-V:29.4,contract; post_award; payment; invoicing,Submit invoices within 10 Working Days of each month end (the Authority pays within 30 days of receipt),Invoices shall be submitted within ten (10) Working Days of each month end and shall be paid within thirty (30) days of receipt.,Invoices shall be submitted within ten (10) Working Days of each month end and shall be paid within thirty (30) days of receipt.,Invoices shall be submitted within ten (10) Working Days of each month end,VOL-V 29.4 p3,VOL-V 29.4 p3,contractual_post_award,Commercial,Commercial lead,"Post-award (proposed requirement): to be produced each month from PCOD, an invoice submitted within ten Working Days of the month end, as VOL-V 29.4 requires, with proof of the submission and receipt dates (receipt starts the Authority's 30-day payment period).",ACTIVE,ACTIVE,ACTIVE,ACTIVE,VOL-V 29.4 p3,VOL-V 29.4 p3,VOL-V 29.4 p3,VOL-V 29.4 p3,none stated in the documents,,VOL-V-INVOICE-DUE: None (unknown_anchor),high: verbatim text-layer clause,n/a (text layer),proposed (not reviewed),n/a,VOL-V:29.4 (VOL-V p3; text layer),,
VOL-V-31.1-01,proposed (existing row; not changed by this run; not reviewed),VOL-V:31.1,contract; post_award; availability; deductions,Treat the flow delivered to the Facility (failure is an Unavailability Event under 31.1(a)),"An Unavailability Event occurs where (a) the Facility is unable to treat the flow delivered to it, (b) the treated effluent fails any parameter in Volume II Table 2-4, or (c) the Facility fails to deliver treated effluent to the delivery point at the required residual head.","An Unavailability Event occurs where (a) the Facility is unable to treat the flow delivered to it, (b) the treated effluent fails any parameter in Volume II Table 2-4, or (c) the Facility fails to deliver treated effluent to the delivery point at the required residual head.",(a) the Facility is unable to treat the flow delivered to it,VOL-V 31.1 p3,VOL-V 31.1 p3,contractual_post_award,Operations,O&M lead,"Post-award (proposed requirement): to be kept continuously from PCOD, metered records of the flow delivered to the Facility and the flow treated, with a timestamped log of any period in which delivered flow was not treated, so that any Unavailability Event under VOL-V 31.1(a) can be established; the extract prescribes no monitoring or reporting format.",ACTIVE,ACTIVE,ACTIVE,ACTIVE,VOL-V 31.1 p3,VOL-V 31.1 p3,VOL-V 31.1 p3,VOL-V 31.1 p3,"contractual remedy (post-award): ""the Authority shall deduct from the Availability Payment the amounts calculated under Schedule 7""",VOL-V 31.2 p3,,"medium: verbatim; the deduction amounts are in Schedule 7, not supplied; how 'the flow delivered' relates to the design flows is open",n/a (text layer),proposed (not reviewed),n/a,VOL-V:31.1 (VOL-V p3; text layer),I-VOL-V-MISSING; I-FLOWS,"NOT SUPPLIED: Volume V Schedule 7 (deductions) (REL-MISSING-SCHEDULE-7-DEDUCTIONS, link confirmed): cannot be established: the amount of the deduction for each Unavailability Event under 31.1(a), (b) and (c), so the price risk of each"
VOL-V-31.1-02,proposed (existing row; not changed by this run; not reviewed),VOL-V:31.1,contract; post_award; availability; deductions; effluent,Treated effluent to meet every parameter in VOL-II Table 2-4 (failure is an Unavailability Event under 31.1(b)),"An Unavailability Event occurs where (a) the Facility is unable to treat the flow delivered to it, (b) the treated effluent fails any parameter in Volume II Table 2-4, or (c) the Facility fails to deliver treated effluent to the delivery point at the required residual head.","An Unavailability Event occurs where (a) the Facility is unable to treat the flow delivered to it, (b) the treated effluent fails any parameter in Volume II Table 2-4, or (c) the Facility fails to deliver treated effluent to the delivery point at the required residual head.",(b) the treated effluent fails any parameter in Volume II Table 2-4,VOL-V 31.1 p3,VOL-V 31.1 p3,contractual_post_award,Operations,O&M lead,"Post-award (proposed requirement): to be kept continuously from PCOD, treated-effluent sampling and analysis records for every Table 2-4 parameter, each on its stated basis of assessment and against the limits as amended (TN 3 mg/l, ADD-02 5.1), so that any Unavailability Event under VOL-V 31.1(b) can be established; these records would not show compliance with the Environmental Permit, which is not supplied.",ACTIVE,ACTIVE,ACTIVE,ACTIVE,VOL-V 31.1 p3,VOL-V 31.1 p3,VOL-V 31.1 p3,VOL-V 31.1 p3,"contractual remedy (post-award): ""the Authority shall deduct from the Availability Payment the amounts calculated under Schedule 7""",VOL-V 31.2 p3,,"medium: verbatim; Table 2-4 is an image reading (transcription confirmed by the owner, 3 Oct 2026), the Permit that prevails over it in VOL-II is not supplied, and Schedule 7 is not supplied",n/a (text layer),proposed (not reviewed),n/a,VOL-V:31.1 (VOL-V p3; text layer),I-READING-T24; I-PERMIT; I-VOL-V-MISSING,"<- REL-T24-UNAVAILABILITY [confirmed limit_applies] from VOL-II:T2-4; NOT SUPPLIED: Volume V Schedule 7 (deductions) (REL-MISSING-SCHEDULE-7-DEDUCTIONS, link confirmed): cannot be established: the amount of the deduction for each Unavailability Event under 31.1(a), (b) and (c), so the price risk of each; REACHED at ADD-02 (confirmed dependency): from VOL-II:T2-4 via REL-T24-UNAVAILABILITY"
VOL-V-31.1-03,proposed (existing row; not changed by this run; not reviewed),VOL-V:31.1,contract; post_award; availability; deductions; transmission_main,Deliver treated effluent to the delivery point at the required residual head (failure is an Unavailability Event under 31.1(c)),"An Unavailability Event occurs where (a) the Facility is unable to treat the flow delivered to it, (b) the treated effluent fails any parameter in Volume II Table 2-4, or (c) the Facility fails to deliver treated effluent to the delivery point at the required residual head.","An Unavailability Event occurs where (a) the Facility is unable to treat the flow delivered to it, (b) the treated effluent fails any parameter in Volume II Table 2-4, or (c) the Facility fails to deliver treated effluent to the delivery point at the required residual head.",(c) the Facility fails to deliver treated effluent to the delivery point at the required residual head,VOL-V 31.1 p3,VOL-V 31.1 p3,contractual_post_award,Operations,O&M lead,"Post-award (proposed requirement): to be kept continuously from PCOD, residual head records at the delivery point, with a timestamped log of any period below the required residual head (VOL-II 5.2 states a minimum of 15 m at the delivery point), so that any Unavailability Event under VOL-V 31.1(c) can be established; the delivery point is shown only on Drawing 03-C-114, which is not supplied.",ACTIVE,ACTIVE,ACTIVE,ACTIVE,VOL-V 31.1 p3,VOL-V 31.1 p3,VOL-V 31.1 p3,VOL-V 31.1 p3,"contractual remedy (post-award): ""the Authority shall deduct from the Availability Payment the amounts calculated under Schedule 7""",VOL-V 31.2 p3,,medium: verbatim; the delivery point (Drawing 03-C-114) and the deduction amounts (Schedule 7) are not supplied,n/a (text layer),proposed (not reviewed),n/a,VOL-V:31.1 (VOL-V p3; text layer),I-VOL-III; I-VOL-V-MISSING,"NOT SUPPLIED: Volume V Schedule 7 (deductions) (REL-MISSING-SCHEDULE-7-DEDUCTIONS, link confirmed): cannot be established: the amount of the deduction for each Unavailability Event under 31.1(a), (b) and (c), so the price risk of each"
VOL-V-31.3-02,proposed (existing row; not changed by this run; not reviewed),VOL-V:31.3,contract; post_award; availability; cure_period,Cure period of 24 hours for an Unavailability Event under VOL-V 31.1(a),A cure period of twenty-four (24) hours applies to an Unavailability Event under Clause 31.1(a) and of seventy-two (72) hours to an event under Clause 31.1(c). No cure period applies to an event under Clause 31.1(b).,A cure period of twenty-four (24) hours applies to an Unavailability Event under Clause 31.1(a) and of seventy-two (72) hours to an event under Clause 31.1(c). No cure period applies to an event under Clause 31.1(b).,A cure period of twenty-four (24) hours applies to an Unavailability Event under Clause 31.1(a),VOL-V 31.3 p3,VOL-V 31.3 p3,contractual_post_award,Legal,Legal counsel,"Unresolved: the record that would show a VOL-V 31.1(a) event was cured within the 24-hour cure period cannot be specified from the extract, which states the length of the period but not when it starts or what a cure changes, and the deductions are calculated under Schedule 7 (VOL-V 31.2), which is not supplied.",ACTIVE,ACTIVE,ACTIVE,ACTIVE,VOL-V 31.3 p3,VOL-V 31.3 p3,VOL-V 31.3 p3,VOL-V 31.3 p3,none stated in the documents,,,high: verbatim text-layer clause,n/a (text layer),proposed (not reviewed),n/a,VOL-V:31.3 (VOL-V p3; text layer),,
VOL-V-31.3-03,proposed (existing row; not changed by this run; not reviewed),VOL-V:31.3,contract; post_award; availability; cure_period; effluent,No cure period for an Unavailability Event under VOL-V 31.1(b) (a Table 2-4 failure),A cure period of twenty-four (24) hours applies to an Unavailability Event under Clause 31.1(a) and of seventy-two (72) hours to an event under Clause 31.1(c). No cure period applies to an event under Clause 31.1(b).,A cure period of twenty-four (24) hours applies to an Unavailability Event under Clause 31.1(a) and of seventy-two (72) hours to an event under Clause 31.1(c). No cure period applies to an event under Clause 31.1(b).,No cure period applies to an event under Clause 31.1(b).,VOL-V 31.3 p3,VOL-V 31.3 p3,contractual_post_award,Legal,Legal counsel,"Not applicable: VOL-V 31.3 states that no cure period applies to a 31.1(b) event (a Table 2-4 failure), which gives the Project Company no period to use and requires no act of it; effluent compliance itself is to be evidenced under row VOL-V-31.1-02.",ACTIVE,ACTIVE,ACTIVE,ACTIVE,VOL-V 31.3 p3,VOL-V 31.3 p3,VOL-V 31.3 p3,VOL-V 31.3 p3,none stated in the documents,,,high: verbatim text-layer clause,n/a (text layer),proposed (not reviewed),n/a,VOL-V:31.3 (VOL-V p3; text layer),,
VOL-V-31.4-01,UNRESOLVED: cites a unit an unresolved provision of ADD-03 names,VOL-V:31.4,contract; post_award; availability; persistent_breach; termination,Persistent breach (3+ Unavailability Events in a rolling 90 days): remediation plan on request; a second occurrence allows termination,"Persistent breach, being three (3) or more Unavailability Events in any rolling ninety (90) day period, entitles the Authority to require a remediation plan and, on a second occurrence, to terminate under Clause 39.3.","Persistent breach, being three (3) or more Unavailability Events in any rolling ninety (90) day period, entitles the Authority to require a remediation plan and, on a second occurrence, to terminate under Clause 39.3.","Persistent breach, being three (3) or more Unavailability Events in any rolling ninety (90) day period, entitles the Authority to require a remediation plan",VOL-V 31.4 p3,VOL-V 31.4 p3,contractual_post_award,Operations,O&M lead,"Post-award (proposed requirement): to be kept continuously from PCOD, a rolling 90-day count of Unavailability Events, and to be produced when the Authority requires one after a persistent breach, a remediation plan (VOL-V 31.4); the extract states no content or deadline for the plan.",ACTIVE,ACTIVE,ACTIVE,DELETED (ADD-03/Q18),VOL-V 31.4 p3,VOL-V 31.4 p3,VOL-V 31.4 p3,VOL-V 31.4 p3 as amended by ADD-03 Q18 p3,"contractual remedy (post-award): ""on a second occurrence, to terminate under Clause 39.3""",VOL-V 31.4 p3,,medium: verbatim; the trigger for termination ('a second occurrence') is not defined,n/a (text layer),proposed (not reviewed),n/a,VOL-V:31.4 (VOL-V p3; text layer); ADD-03/Q18 [ADD-03; proposed] <- ADD-03:Q18 (ADD-03 p3),I-VOL-V-PERSISTENT-BREACH,"NOT SUPPLIED: Volume V Schedule 11 (Project Company Events of Default) (REL-MISSING-SCHEDULE-11-PERSISTENT-BREACH, link proposed): cannot be established: whether persistent breach (three or more Unavailability Events in a rolling 90 days) is also an Event of Default listed in Schedule 11, giving a termination right under 39.1 independent of 31.4 and 39.3; so an amendment or deletion of 31.4 or 39.3 cannot be concluded to remove that exposure"
VOL-V-34.3-01,proposed (existing row; not changed by this run; not reviewed),VOL-V:34.3,contract; post_award; relief_events; notice,"Notify a Relief Event within 5 Working Days of becoming aware of it, or no relief is granted","The Project Company shall notify a Relief Event within five (5) Working Days of becoming aware of it, failing which no relief shall be granted.","The Project Company shall notify a Relief Event within five (5) Working Days of becoming aware of it, failing which no relief shall be granted.",shall notify a Relief Event within five (5) Working Days of becoming aware of it,VOL-V 34.3 p3,VOL-V 34.3 p3,contractual_post_award,Legal,Legal counsel,"Post-award (proposed requirement): to be produced for each Relief Event, a written notification given within five Working Days of becoming aware of it, as VOL-V 34.3 requires, with a record of the date of awareness and proof of the date of notice; the extract prescribes no form of notice or recipient.",ACTIVE,ACTIVE,ACTIVE,ACTIVE,VOL-V 34.3 p3,VOL-V 34.3 p3,VOL-V 34.3 p3,VOL-V 34.3 p3,"contractual remedy (post-award): ""failing which no relief shall be granted""",VOL-V 34.3 p3,VOL-V-RELIEF-EVENT-NOTICE: None (unknown_anchor),high: verbatim text-layer clause,n/a (text layer),proposed (not reviewed),n/a,VOL-V:34.3 (VOL-V p3; text layer),,
VOL-V-36.2-01,proposed (existing row; not changed by this run; not reviewed),VOL-V:36.2,contract; post_award; change_in_law; threshold,"General Change in Law: compensation only for the capital expenditure it requires, and only above the stated aggregate threshold","A General Change in Law entitles the Project Company to compensation only in respect of capital expenditure required by that change and only to the extent that such expenditure exceeds SAR 5,000,000 in aggregate over the term.","A General Change in Law entitles the Project Company to compensation only in respect of capital expenditure required by that change and only to the extent that such expenditure exceeds SAR 2,500,000 in aggregate over the term.","only to the extent that such expenditure exceeds SAR 2,500,000 in aggregate over the term",VOL-V 36.2 p4 as amended by ADD-02 8.1 p3,VOL-V 36.2 p4 <- ADD-02/8.1,contractual_post_award,Commercial,Commercial lead,"Post-award (proposed requirement): to be kept over the term, a cumulative register of the capital expenditure required by each General Change in Law, showing when the aggregate exceeds SAR 2,500,000 (VOL-V 36.2 as amended by ADD-02 8.1), as support for any compensation claim; the extract states no claim procedure.",ACTIVE,ACTIVE,AMENDED (ADD-02/8.1),ACTIVE (as amended by ADD-02/8.1),VOL-V 36.2 p4,VOL-V 36.2 p4,VOL-V 36.2 p4 as amended by ADD-02 8.1 p3,VOL-V 36.2 p4 as amended by ADD-02 8.1 p3,none stated in the documents,,,high: verbatim at each stage,n/a (text layer),proposed (not reviewed),ADD-02/8.1: proposed,VOL-V:36.2 (VOL-V p4; text layer); ADD-02/8.1 [ADD-02; proposed] <- ADD-02:8.1 (ADD-02 p3),,
VOL-V-39.1-01,proposed (existing row; not changed by this run; not reviewed),VOL-V:39.1,contract; post_award; termination; events_of_default,Avoid the Project Company Events of Default listed in Schedule 11 (not supplied); the Authority may terminate for them,"The Authority may terminate for a Project Company Event of Default, being the events listed in Schedule 11.","The Authority may terminate for a Project Company Event of Default, being the events listed in Schedule 11.",being the events listed in Schedule 11,VOL-V 39.1 p4,VOL-V 39.1 p4,contractual_post_award,Legal,Legal counsel,"Unresolved: the evidence of avoiding the Project Company Events of Default cannot be specified, because they are listed in Schedule 11, which is not supplied; the Senior Lenders' notice and cure period before termination is in the Direct Agreement, also not supplied.",ACTIVE,ACTIVE,ACTIVE,ACTIVE,VOL-V 39.1 p4,VOL-V 39.1 p4,VOL-V 39.1 p4,VOL-V 39.1 p4,"contractual remedy (post-award): ""The Authority may terminate for a Project Company Event of Default""",VOL-V 39.1 p4,,low: the events of default themselves (Schedule 11) are not in the pack,n/a (text layer),proposed (not reviewed),n/a,VOL-V:39.1 (VOL-V p4; text layer),I-VOL-V-MISSING,"NOT SUPPLIED: Volume V Schedule 11 (Project Company Events of Default) (REL-MISSING-SCHEDULE-11-DEFAULTS, link confirmed): cannot be established: which events are Project Company Events of Default, so how to avoid them and whether to reserve the position in Form 4-E"
VOL-V-42.1-01,proposed (existing row; not changed by this run; not reviewed),VOL-V:42.1,contract; post_award; handback,"On expiry, transfer the Facility in the condition required by VOL-II 8.5, free of encumbrance","The Project Company shall transfer the Facility to the Authority on expiry in the condition required by Volume II Clause 8.5, free of encumbrance and with a remaining design life of not less than five (5) years for all major assets.","The Project Company shall transfer the Facility to the Authority on expiry in the condition required by Volume II Clause 8.5, free of encumbrance and with a remaining design life of not less than five (5) years for all major assets.","shall transfer the Facility to the Authority on expiry in the condition required by Volume II Clause 8.5, free of encumbrance",VOL-V 42.1 p4,VOL-V 42.1 p4,contractual_post_award,Operations,O&M lead,"Post-award (proposed requirement): to be produced before transfer on expiry, the handback condition survey report from the final two years of the concession and records of completion of the remedial works it identifies (VOL-II 8.5), with releases of any security or other encumbrance over the Facility (VOL-V 42.1).",ACTIVE,ACTIVE,ACTIVE,ACTIVE,VOL-V 42.1 p4,VOL-V 42.1 p4,VOL-V 42.1 p4,VOL-V 42.1 p4,none stated in the documents,,,high: verbatim; the expiry date depends on the term start (I-CONCESSION),n/a (text layer),proposed (not reviewed),n/a,VOL-V:42.1 (VOL-V p4; text layer),I-CONCESSION,
VOL-V-42.1-02,proposed (existing row; not changed by this run; not reviewed),VOL-V:42.1,contract; post_award; handback; design_life,"At handback, at least 5 years of remaining design life for all major assets","The Project Company shall transfer the Facility to the Authority on expiry in the condition required by Volume II Clause 8.5, free of encumbrance and with a remaining design life of not less than five (5) years for all major assets.","The Project Company shall transfer the Facility to the Authority on expiry in the condition required by Volume II Clause 8.5, free of encumbrance and with a remaining design life of not less than five (5) years for all major assets.",with a remaining design life of not less than five (5) years for all major assets,VOL-V 42.1 p4,VOL-V 42.1 p4,contractual_post_award,Operations,O&M lead,"Unresolved: the evidence of at least five years' remaining design life for all major assets at handback cannot be fully specified, because the extract does not define 'major assets' or say how, or by whom, remaining design life is assessed; a remaining-life assessment per major asset, drawn from the VOL-II 7.4 asset register, is the likely record once that is settled.",ACTIVE,ACTIVE,ACTIVE,ACTIVE,VOL-V 42.1 p4,VOL-V 42.1 p4,VOL-V 42.1 p4,VOL-V 42.1 p4,none stated in the documents,,,medium: verbatim; 'major assets' is not defined,n/a (text layer),proposed (not reviewed),n/a,VOL-V:42.1 (VOL-V p4; text layer),,
VOL-V-42.2-01,proposed (existing row; not changed by this run; not reviewed),VOL-V:42.2,contract; post_award; handback; reserves,"Fund a handback reserve from the start of year 20 of the term, in the amount the Independent Engineer certifies",A handback reserve shall be funded from the start of year twenty (20) of the term in an amount certified by the Independent Engineer.,A handback reserve shall be funded from the start of year twenty (20) of the term in an amount certified by the Independent Engineer.,A handback reserve shall be funded from the start of year twenty (20) of the term in an amount certified by the Independent Engineer.,VOL-V 42.2 p4,VOL-V 42.2 p4,contractual_post_award,Finance,Financial modeller,"Post-award (proposed requirement): to be produced from the start of year 20 of the term, the Independent Engineer's certification of the handback reserve amount and account statements showing the reserve funded to that amount (VOL-V 42.2).",ACTIVE,ACTIVE,ACTIVE,ACTIVE,VOL-V 42.2 p4,VOL-V 42.2 p4,VOL-V 42.2 p4,VOL-V 42.2 p4,none stated in the documents,,VOL-V-HANDBACK-RESERVE-START: None (unknown_anchor),medium: verbatim; when year 20 starts depends on the unresolved term start,n/a (text layer),proposed (not reviewed),n/a,VOL-V:42.2 (VOL-V p4; text layer),I-CONCESSION,
VOL-V-44.2-01,proposed (existing row; not changed by this run; not reviewed),VOL-V:44.2,contract; post_award; disputes,"Refer disputes first to senior representatives, then an expert if technical, then arbitration seated in Riyadh in English","The parties shall first refer a dispute to senior representatives, then to an expert where the dispute is technical, and failing resolution to arbitration seated in Riyadh conducted in the English language before three arbitrators under the arbitration rules applicable in the Kingdom.","The parties shall first refer a dispute to senior representatives, then to an expert where the dispute is technical, and failing resolution to arbitration seated in Riyadh conducted in the English language before three arbitrators under the arbitration rules applicable in the Kingdom.","The parties shall first refer a dispute to senior representatives, then to an expert where the dispute is technical, and failing resolution to arbitration seated in Riyadh conducted in the English language before three arbitrators",VOL-V 44.2 p4,VOL-V 44.2 p4,contractual_post_award,Legal,Legal counsel,"Post-award (proposed requirement): to be produced for each dispute, written records of its referral first to senior representatives, then to an expert where the dispute is technical, before any reference to arbitration (VOL-V 44.2); the extract states no time limit for any stage.",ACTIVE,ACTIVE,ACTIVE,ACTIVE,VOL-V 44.2 p4,VOL-V 44.2 p4,VOL-V 44.2 p4,VOL-V 44.2 p4,none stated in the documents,,,high: verbatim text-layer clause,n/a (text layer),proposed (not reviewed),n/a,VOL-V:44.2 (VOL-V p4; text layer),,
VOL-V-44.3-01,proposed (existing row; not changed by this run; not reviewed),VOL-V:44.3,contract; post_award; disputes,Continue performing the Agreement during any dispute,Performance of this Agreement shall continue during any dispute.,Performance of this Agreement shall continue during any dispute.,Performance of this Agreement shall continue during any dispute.,VOL-V 44.3 p4,VOL-V 44.3 p4,contractual_post_award,Legal,Legal counsel,"Post-award (proposed requirement): for the period of any dispute, the routine performance records proposed under the other VOL-V rows (for example monthly progress reports, operating records and invoices) to be kept up without interruption, showing that performance continued (VOL-V 44.3); the clause requires no separate document.",ACTIVE,ACTIVE,ACTIVE,ACTIVE,VOL-V 44.3 p4,VOL-V 44.3 p4,VOL-V 44.3 p4,VOL-V 44.3 p4,none stated in the documents,,,high: verbatim text-layer clause,n/a (text layer),proposed (not reviewed),n/a,VOL-V:44.3 (VOL-V p4; text layer),,
